sample,event_date,pre_index,post_index,pre_date,post_date,pre_before_event,post_on_or_after_event,post_same_day_as_event,post_scl_255_fraction
chimanimani_s2_1001.nc,2019-03-15,8,9,2019-03-10,2019-03-20,True,True,False,0.0
chimanimani_s2_1002.nc,2019-03-15,8,9,2019-03-10,2019-03-20,True,True,False,0.0
chimanimani_s2_1003.nc,2019-03-15,8,9,2019-03-10,2019-03-20,True,True,False,0.0
chimanimani_s2_1004.nc,2019-03-15,7,8,2019-03-10,2019-03-20,True,True,False,0.0
chimanimani_s2_1005.nc,2019-03-15,6,7,2019-03-10,2019-03-20,True,True,False,0.0
chimanimani_s2_1006.nc,2019-03-15,6,7,2019-03-10,2019-03-20,True,True,False,0.0
chimanimani_s2_1027.nc,2019-03-15,8,9,2019-03-10,2019-03-20,True,True,False,0.0
chimanimani_s2_1029.nc,2019-03-15,8,9,2019-03-10,2019-03-20,True,True,False,0.0
chimanimani_s2_1030.nc,2019-03-15,8,9,2019-03-10,2019-03-20,True,True,False,0.0
chimanimani_s2_1033.nc,2019-03-15,6,7,2019-03-10,2019-03-20,True,True,False,0.0
chimanimani_s2_1042.nc,2019-03-15,8,9,2019-03-10,2019-03-20,True,True,False,0.0
chimanimani_s2_1043.nc,2019-03-15,7,8,2019-03-10,2019-03-20,True,True,False,0.0
chimanimani_s2_1060.nc,2019-03-15,6,7,2019-03-10,2019-03-20,True,True,False,0.0
chimanimani_s2_1061.nc,2019-03-15,8,9,2019-03-10,2019-03-20,True,True,False,0.0
chimanimani_s2_1062.nc,2019-03-15,7,8,2019-03-10,2019-03-20,True,True,False,0.0
chimanimani_s2_1063.nc,2019-03-15,7,8,2019-03-10,2019-03-20,True,True,False,0.0
chimanimani_s2_1070.nc,2019-03-15,7,8,2019-03-10,2019-03-20,True,True,False,0.0
chimanimani_s2_1071.nc,2019-03-15,6,7,2019-03-10,2019-03-20,True,True,False,0.0
chimanimani_s2_1072.nc,2019-03-15,6,7,2019-03-10,2019-03-20,True,True,False,0.0
chimanimani_s2_1087.nc,2019-03-15,8,9,2019-03-10,2019-03-20,True,True,False,0.0
chimanimani_s2_1088.nc,2019-03-15,7,8,2019-03-10,2019-03-20,True,True,False,0.0
chimanimani_s2_1091.nc,2019-03-15,7,8,2019-03-10,2019-03-20,True,True,False,0.0
chimanimani_s2_1092.nc,2019-03-15,8,9,2019-03-10,2019-03-20,True,True,False,0.0
chimanimani_s2_1093.nc,2019-03-15,7,8,2019-03-10,2019-03-20,True,True,False,0.0
chimanimani_s2_1094.nc,2019-03-15,7,8,2019-03-10,2019-03-20,True,True,False,0.0
chimanimani_s2_1099.nc,2019-03-15,8,9,2019-03-10,2019-03-20,True,True,False,0.0
chimanimani_s2_1101.nc,2019-03-15,7,8,2019-03-10,2019-03-20,True,True,False,0.0
chimanimani_s2_1115.nc,2019-03-15,8,9,2019-03-10,2019-03-20,True,True,False,0.0
chimanimani_s2_1116.nc,2019-03-15,7,8,2019-03-10,2019-03-20,True,True,False,0.0
chimanimani_s2_1121.nc,2019-03-15,7,8,2019-03-10,2019-03-20,True,True,False,0.0
chimanimani_s2_1125.nc,2019-03-15,6,7,2019-03-10,2019-03-20,True,True,False,0.0
chimanimani_s2_1128.nc,2019-03-15,6,7,2019-03-10,2019-03-20,True,True,False,0.0
chimanimani_s2_1129.nc,2019-03-15,6,7,2019-03-10,2019-03-20,True,True,False,0.0
chimanimani_s2_1131.nc,2019-03-15,6,7,2019-03-10,2019-03-20,True,True,False,0.0
chimanimani_s2_1132.nc,2019-03-15,7,8,2019-03-10,2019-03-20,True,True,False,0.0
chimanimani_s2_1133.nc,2019-03-15,6,7,2019-03-10,2019-03-20,True,True,False,0.0
chimanimani_s2_1134.nc,2019-03-15,7,8,2019-03-10,2019-03-20,True,True,False,0.0
chimanimani_s2_1141.nc,2019-03-15,6,7,2019-03-10,2019-03-20,True,True,False,0.0
chimanimani_s2_1142.nc,2019-03-15,7,8,2019-03-10,2019-03-20,True,True,False,0.0
chimanimani_s2_1144.nc,2019-03-15,8,9,2019-03-10,2019-03-20,True,True,False,0.0
chimanimani_s2_1146.nc,2019-03-15,8,9,2019-03-10,2019-03-20,True,True,False,0.0
chimanimani_s2_1147.nc,2019-03-15,8,9,2019-03-10,2019-03-20,True,True,False,0.0
chimanimani_s2_1148.nc,2019-03-15,7,8,2019-03-10,2019-03-20,True,True,False,0.0
chimanimani_s2_1149.nc,2019-03-15,7,8,2019-03-10,2019-03-20,True,True,False,0.0
chimanimani_s2_1150.nc,2019-03-15,8,9,2019-03-10,2019-03-20,True,True,False,0.0
chimanimani_s2_1151.nc,2019-03-15,8,9,2019-03-10,2019-03-20,True,True,False,0.0
chimanimani_s2_1152.nc,2019-03-15,8,9,2019-03-10,2019-03-20,True,True,False,0.0
chimanimani_s2_1156.nc,2019-03-15,8,9,2019-03-10,2019-03-20,True,True,False,0.0
chimanimani_s2_1176.nc,2019-03-15,7,8,2019-03-10,2019-03-20,True,True,False,0.0
chimanimani_s2_1177.nc,2019-03-15,8,9,2019-03-10,2019-03-20,True,True,False,0.0
chimanimani_s2_1178.nc,2019-03-15,7,8,2019-03-10,2019-03-20,True,True,False,0.0
chimanimani_s2_1180.nc,2019-03-15,6,7,2019-03-10,2019-03-20,True,True,False,0.0
chimanimani_s2_1181.nc,2019-03-15,6,7,2019-03-10,2019-03-20,True,True,False,0.0
chimanimani_s2_1182.nc,2019-03-15,6,7,2019-03-10,2019-03-20,True,True,False,0.0
chimanimani_s2_1183.nc,2019-03-15,7,8,2019-03-10,2019-03-20,True,True,False,0.0
chimanimani_s2_1184.nc,2019-03-15,7,8,2019-03-10,2019-03-20,True,True,False,0.0
chimanimani_s2_1185.nc,2019-03-15,6,7,2019-03-10,2019-03-20,True,True,False,0.0
chimanimani_s2_1186.nc,2019-03-15,6,7,2019-03-10,2019-03-20,True,True,False,0.0
chimanimani_s2_1187.nc,2019-03-15,7,8,2019-03-10,2019-03-20,True,True,False,0.0
chimanimani_s2_1188.nc,2019-03-15,7,8,2019-03-10,2019-03-20,True,True,False,0.0
chimanimani_s2_1189.nc,2019-03-15,7,8,2019-03-10,2019-03-20,True,True,False,0.0
chimanimani_s2_1190.nc,2019-03-15,7,8,2019-03-10,2019-03-20,True,True,False,0.0
chimanimani_s2_1191.nc,2019-03-15,6,7,2019-03-10,2019-03-20,True,True,False,0.0
chimanimani_s2_1192.nc,2019-03-15,7,8,2019-03-10,2019-03-20,True,True,False,0.0
chimanimani_s2_1200.nc,2019-03-15,6,7,2019-03-10,2019-03-20,True,True,False,0.0
chimanimani_s2_1201.nc,2019-03-15,6,7,2019-03-10,2019-03-15,True,True,True,0.0
chimanimani_s2_1202.nc,2019-03-15,6,7,2019-03-10,2019-03-20,True,True,False,0.0
chimanimani_s2_1203.nc,2019-03-15,8,9,2019-03-10,2019-03-20,True,True,False,0.0
chimanimani_s2_1204.nc,2019-03-15,8,9,2019-03-10,2019-03-20,True,True,False,0.0
chimanimani_s2_1205.nc,2019-03-15,8,9,2019-03-10,2019-03-20,True,True,False,0.0
chimanimani_s2_1206.nc,2019-03-15,7,8,2019-03-10,2019-03-20,True,True,False,0.0
chimanimani_s2_1207.nc,2019-03-15,7,8,2019-03-10,2019-03-20,True,True,False,0.0
chimanimani_s2_1208.nc,2019-03-15,8,9,2019-03-10,2019-03-20,True,True,False,0.0
chimanimani_s2_1209.nc,2019-03-15,7,8,2019-03-10,2019-03-20,True,True,False,0.0
chimanimani_s2_1213.nc,2019-03-15,8,9,2019-03-10,2019-03-20,True,True,False,0.0
chimanimani_s2_1214.nc,2019-03-15,7,8,2019-03-10,2019-03-20,True,True,False,0.0
chimanimani_s2_1215.nc,2019-03-15,7,8,2019-03-10,2019-03-20,True,True,False,0.0
chimanimani_s2_1216.nc,2019-03-15,6,7,2019-03-10,2019-03-20,True,True,False,0.0
chimanimani_s2_1217.nc,2019-03-15,7,8,2019-03-10,2019-03-20,True,True,False,0.0
chimanimani_s2_1230.nc,2019-03-15,7,8,2019-03-10,2019-03-20,True,True,False,0.0
chimanimani_s2_1232.nc,2019-03-15,8,9,2019-03-10,2019-03-20,True,True,False,0.0
chimanimani_s2_1233.nc,2019-03-15,8,9,2019-03-10,2019-03-20,True,True,False,0.0
chimanimani_s2_1234.nc,2019-03-15,7,8,2019-03-10,2019-03-20,True,True,False,0.0
chimanimani_s2_1235.nc,2019-03-15,7,8,2019-03-10,2019-03-20,True,True,False,0.0
chimanimani_s2_1236.nc,2019-03-15,6,7,2019-03-10,2019-03-20,True,True,False,0.0
chimanimani_s2_1238.nc,2019-03-15,6,7,2019-03-10,2019-03-20,True,True,False,0.0
chimanimani_s2_1239.nc,2019-03-15,6,7,2019-03-10,2019-03-20,True,True,False,0.0
chimanimani_s2_1240.nc,2019-03-15,8,9,2019-03-10,2019-03-20,True,True,False,0.0
chimanimani_s2_1241.nc,2019-03-15,6,7,2019-03-10,2019-03-20,True,True,False,0.0
chimanimani_s2_1243.nc,2019-03-15,6,7,2019-03-10,2019-03-20,True,True,False,0.0
chimanimani_s2_1244.nc,2019-03-15,7,8,2019-03-10,2019-03-20,True,True,False,0.0
chimanimani_s2_1245.nc,2019-03-15,7,8,2019-03-10,2019-03-20,True,True,False,0.0
chimanimani_s2_1246.nc,2019-03-15,6,7,2019-03-10,2019-03-20,True,True,False,0.0
chimanimani_s2_1247.nc,2019-03-15,6,7,2019-03-10,2019-03-20,True,True,False,0.0
chimanimani_s2_1248.nc,2019-03-15,6,7,2019-03-10,2019-03-20,True,True,False,0.0
chimanimani_s2_1249.nc,2019-03-15,7,8,2019-03-10,2019-03-20,True,True,False,0.0
chimanimani_s2_1250.nc,2019-03-15,7,8,2019-03-10,2019-03-20,True,True,False,0.0
chimanimani_s2_1252.nc,2019-03-15,7,8,2019-03-10,2019-03-20,True,True,False,0.0
chimanimani_s2_1255.nc,2019-03-15,7,8,2019-03-10,2019-03-20,True,True,False,0.0
chimanimani_s2_1256.nc,2019-03-15,8,9,2019-03-10,2019-03-20,True,True,False,0.0
chimanimani_s2_1258.nc,2019-03-15,8,9,2019-03-10,2019-03-20,True,True,False,0.0
chimanimani_s2_1261.nc,2019-03-15,8,9,2019-03-10,2019-03-20,True,True,False,0.0
chimanimani_s2_1262.nc,2019-03-15,8,9,2019-03-10,2019-03-20,True,True,False,0.0
chimanimani_s2_1263.nc,2019-03-15,8,9,2019-03-10,2019-03-20,True,True,False,0.0
chimanimani_s2_1265.nc,2019-03-15,5,6,2019-03-10,2019-03-15,True,True,True,0.0
chimanimani_s2_1266.nc,2019-03-15,8,9,2019-03-10,2019-03-20,True,True,False,0.0
chimanimani_s2_1267.nc,2019-03-15,8,9,2019-03-10,2019-03-20,True,True,False,0.0
chimanimani_s2_1268.nc,2019-03-15,7,8,2019-03-10,2019-03-20,True,True,False,0.0
chimanimani_s2_1270.nc,2019-03-15,6,7,2019-03-10,2019-03-20,True,True,False,0.0
chimanimani_s2_1271.nc,2019-03-15,8,9,2019-03-10,2019-03-20,True,True,False,0.0
chimanimani_s2_1272.nc,2019-03-15,6,7,2019-03-10,2019-03-20,True,True,False,0.0
chimanimani_s2_1273.nc,2019-03-15,6,7,2019-03-10,2019-03-20,True,True,False,0.0
chimanimani_s2_1274.nc,2019-03-15,8,9,2019-03-10,2019-03-20,True,True,False,0.0
chimanimani_s2_1288.nc,2019-03-15,7,8,2019-03-10,2019-03-20,True,True,False,0.0
chimanimani_s2_1290.nc,2019-03-15,8,9,2019-03-10,2019-03-20,True,True,False,0.0
chimanimani_s2_1291.nc,2019-03-15,6,7,2019-03-10,2019-03-15,True,True,True,0.0
chimanimani_s2_1292.nc,2019-03-15,6,7,2019-03-10,2019-03-20,True,True,False,0.0
chimanimani_s2_1293.nc,2019-03-15,6,7,2019-03-10,2019-03-20,True,True,False,0.0
chimanimani_s2_1294.nc,2019-03-15,7,8,2019-03-10,2019-03-20,True,True,False,0.0
chimanimani_s2_1297.nc,2019-03-15,6,7,2019-03-10,2019-03-20,True,True,False,0.0
chimanimani_s2_1301.nc,2019-03-15,6,7,2019-03-10,2019-03-20,True,True,False,0.0
chimanimani_s2_1302.nc,2019-03-15,6,7,2019-03-10,2019-03-20,True,True,False,0.0
chimanimani_s2_1303.nc,2019-03-15,7,8,2019-03-10,2019-03-20,True,True,False,0.0
chimanimani_s2_1304.nc,2019-03-15,7,8,2019-03-10,2019-03-20,True,True,False,0.0
chimanimani_s2_1305.nc,2019-03-15,7,8,2019-03-10,2019-03-20,True,True,False,0.0
chimanimani_s2_1306.nc,2019-03-15,7,8,2019-03-10,2019-03-20,True,True,False,0.0
chimanimani_s2_1307.nc,2019-03-15,6,7,2019-03-10,2019-03-20,True,True,False,0.0
chimanimani_s2_1308.nc,2019-03-15,8,9,2019-03-10,2019-03-20,True,True,False,0.0
chimanimani_s2_1311.nc,2019-03-15,7,8,2019-03-10,2019-03-20,True,True,False,0.0
chimanimani_s2_1312.nc,2019-03-15,6,7,2019-03-10,2019-03-20,True,True,False,0.0
chimanimani_s2_1313.nc,2019-03-15,8,9,2019-03-10,2019-03-20,True,True,False,0.0
chimanimani_s2_1314.nc,2019-03-15,8,9,2019-03-10,2019-03-20,True,True,False,0.0
chimanimani_s2_1317.nc,2019-03-15,8,9,2019-03-10,2019-03-20,True,True,False,0.0
chimanimani_s2_1318.nc,2019-03-15,7,8,2019-03-10,2019-03-20,True,True,False,0.0
chimanimani_s2_1319.nc,2019-03-15,7,8,2019-03-10,2019-03-20,True,True,False,0.0
chimanimani_s2_1320.nc,2019-03-15,8,9,2019-03-10,2019-03-20,True,True,False,0.0
chimanimani_s2_1321.nc,2019-03-15,8,9,2019-03-10,2019-03-20,True,True,False,0.0
chimanimani_s2_1323.nc,2019-03-15,5,6,2019-03-10,2019-03-15,True,True,True,0.0
chimanimani_s2_1324.nc,2019-03-15,6,7,2019-03-10,2019-03-15,True,True,True,0.0
chimanimani_s2_1325.nc,2019-03-15,8,9,2019-03-10,2019-03-20,True,True,False,0.0
chimanimani_s2_1326.nc,2019-03-15,8,9,2019-03-10,2019-03-20,True,True,False,0.0
chimanimani_s2_1327.nc,2019-03-15,7,8,2019-03-10,2019-03-20,True,True,False,0.0
chimanimani_s2_1328.nc,2019-03-15,6,7,2019-03-10,2019-03-20,True,True,False,0.0
chimanimani_s2_1332.nc,2019-03-15,6,7,2019-03-10,2019-03-20,True,True,False,0.0
chimanimani_s2_1345.nc,2019-03-15,8,9,2019-03-10,2019-03-20,True,True,False,0.0
chimanimani_s2_1347.nc,2019-03-15,7,8,2019-03-10,2019-03-20,True,True,False,0.0
chimanimani_s2_1348.nc,2019-03-15,7,8,2019-03-10,2019-03-20,True,True,False,0.0
chimanimani_s2_1349.nc,2019-03-15,6,7,2019-03-10,2019-03-20,True,True,False,0.0
chimanimani_s2_1351.nc,2019-03-15,6,7,2019-03-10,2019-03-20,True,True,False,0.0
chimanimani_s2_1352.nc,2019-03-15,7,8,2019-03-10,2019-03-20,True,True,False,0.0
chimanimani_s2_1357.nc,2019-03-15,6,7,2019-03-10,2019-03-20,True,True,False,0.0
chimanimani_s2_1359.nc,2019-03-15,6,7,2019-03-10,2019-03-20,True,True,False,0.0
chimanimani_s2_1360.nc,2019-03-15,6,7,2019-03-10,2019-03-20,True,True,False,0.0
chimanimani_s2_1361.nc,2019-03-15,6,7,2019-03-10,2019-03-20,True,True,False,0.0
chimanimani_s2_1362.nc,2019-03-15,7,8,2019-03-10,2019-03-20,True,True,False,0.0
chimanimani_s2_1363.nc,2019-03-15,6,7,2019-03-10,2019-03-20,True,True,False,0.0
chimanimani_s2_1364.nc,2019-03-15,8,9,2019-03-10,2019-03-20,True,True,False,0.0
chimanimani_s2_1365.nc,2019-03-15,6,7,2019-03-10,2019-03-20,True,True,False,0.0
chimanimani_s2_1367.nc,2019-03-15,7,8,2019-03-10,2019-03-20,True,True,False,0.0
chimanimani_s2_1368.nc,2019-03-15,6,7,2019-03-10,2019-03-20,True,True,False,0.0
chimanimani_s2_1370.nc,2019-03-15,6,7,2019-03-10,2019-03-20,True,True,False,0.0
chimanimani_s2_1373.nc,2019-03-15,7,8,2019-03-10,2019-03-20,True,True,False,0.0
chimanimani_s2_1375.nc,2019-03-15,8,9,2019-03-10,2019-03-20,True,True,False,0.0
chimanimani_s2_1376.nc,2019-03-15,8,9,2019-03-10,2019-03-20,True,True,False,0.0
chimanimani_s2_1377.nc,2019-03-15,7,8,2019-03-10,2019-03-20,True,True,False,0.0
chimanimani_s2_1380.nc,2019-03-15,7,8,2019-03-10,2019-03-20,True,True,False,0.0
chimanimani_s2_1382.nc,2019-03-15,7,8,2019-03-10,2019-03-20,True,True,False,0.0
chimanimani_s2_1384.nc,2019-03-15,8,9,2019-03-10,2019-03-20,True,True,False,0.0
chimanimani_s2_1385.nc,2019-03-15,8,9,2019-03-10,2019-03-20,True,True,False,0.0
chimanimani_s2_1386.nc,2019-03-15,6,7,2019-03-10,2019-03-20,True,True,False,0.0
chimanimani_s2_1405.nc,2019-03-15,6,7,2019-03-10,2019-03-20,True,True,False,0.0
chimanimani_s2_1406.nc,2019-03-15,6,7,2019-03-10,2019-03-20,True,True,False,0.0
chimanimani_s2_1407.nc,2019-03-15,7,8,2019-03-10,2019-03-20,True,True,False,0.0
chimanimani_s2_1408.nc,2019-03-15,7,8,2019-03-10,2019-03-20,True,True,False,0.0
chimanimani_s2_1416.nc,2019-03-15,6,7,2019-03-10,2019-03-20,True,True,False,0.0
chimanimani_s2_1417.nc,2019-03-15,6,7,2019-03-10,2019-03-20,True,True,False,0.0
chimanimani_s2_1418.nc,2019-03-15,6,7,2019-03-10,2019-03-20,True,True,False,0.0
chimanimani_s2_1419.nc,2019-03-15,6,7,2019-03-10,2019-03-20,True,True,False,0.0
chimanimani_s2_1420.nc,2019-03-15,8,9,2019-03-10,2019-03-20,True,True,False,0.0
chimanimani_s2_1421.nc,2019-03-15,5,6,2019-03-10,2019-03-15,True,True,True,0.0
chimanimani_s2_1422.nc,2019-03-15,5,6,2019-03-10,2019-03-15,True,True,True,0.0
chimanimani_s2_1426.nc,2019-03-15,6,7,2019-03-10,2019-03-20,True,True,False,0.0
chimanimani_s2_1428.nc,2019-03-15,8,9,2019-03-10,2019-03-20,True,True,False,0.0
chimanimani_s2_1429.nc,2019-03-15,8,9,2019-03-10,2019-03-20,True,True,False,0.0
chimanimani_s2_1432.nc,2019-03-15,8,9,2019-03-10,2019-03-20,True,True,False,0.0
chimanimani_s2_1434.nc,2019-03-15,7,8,2019-03-10,2019-03-20,True,True,False,0.0
chimanimani_s2_1435.nc,2019-03-15,8,9,2019-03-10,2019-03-20,True,True,False,0.0
chimanimani_s2_1438.nc,2019-03-15,8,9,2019-03-10,2019-03-20,True,True,False,0.0
chimanimani_s2_1439.nc,2019-03-15,8,9,2019-03-10,2019-03-20,True,True,False,0.0
chimanimani_s2_1440.nc,2019-03-15,8,9,2019-03-10,2019-03-20,True,True,False,0.0
chimanimani_s2_1441.nc,2019-03-15,7,8,2019-03-10,2019-03-20,True,True,False,0.0
chimanimani_s2_1443.nc,2019-03-15,8,9,2019-03-10,2019-03-20,True,True,False,0.0
chimanimani_s2_1444.nc,2019-03-15,6,7,2019-03-10,2019-03-20,True,True,False,0.0
chimanimani_s2_1464.nc,2019-03-15,7,8,2019-03-10,2019-03-20,True,True,False,0.0
chimanimani_s2_1465.nc,2019-03-15,7,8,2019-03-10,2019-03-20,True,True,False,0.0
chimanimani_s2_1466.nc,2019-03-15,7,8,2019-03-10,2019-03-20,True,True,False,0.0
chimanimani_s2_1467.nc,2019-03-15,7,8,2019-03-10,2019-03-20,True,True,False,0.0
chimanimani_s2_1470.nc,2019-03-15,7,8,2019-03-10,2019-03-20,True,True,False,0.0
chimanimani_s2_1472.nc,2019-03-15,6,7,2019-03-10,2019-03-20,True,True,False,0.0
chimanimani_s2_1474.nc,2019-03-15,6,7,2019-03-10,2019-03-20,True,True,False,0.0
chimanimani_s2_1475.nc,2019-03-15,6,7,2019-03-10,2019-03-20,True,True,False,0.0
chimanimani_s2_1476.nc,2019-03-15,6,7,2019-03-10,2019-03-20,True,True,False,0.0
chimanimani_s2_1477.nc,2019-03-15,6,7,2019-03-10,2019-03-20,True,True,False,0.0
chimanimani_s2_1478.nc,2019-03-15,7,8,2019-03-10,2019-03-20,True,True,False,0.0
chimanimani_s2_1479.nc,2019-03-15,6,7,2019-03-10,2019-03-20,True,True,False,0.0
chimanimani_s2_1480.nc,2019-03-15,5,6,2019-03-10,2019-03-15,True,True,True,0.0
chimanimani_s2_1484.nc,2019-03-15,6,7,2019-03-10,2019-03-20,True,True,False,0.0
chimanimani_s2_1485.nc,2019-03-15,7,8,2019-03-10,2019-03-20,True,True,False,0.0
chimanimani_s2_1486.nc,2019-03-15,7,8,2019-03-10,2019-03-20,True,True,False,0.0
chimanimani_s2_1487.nc,2019-03-15,8,9,2019-03-10,2019-03-20,True,True,False,0.0
chimanimani_s2_1488.nc,2019-03-15,8,9,2019-03-10,2019-03-20,True,True,False,0.0
chimanimani_s2_1489.nc,2019-03-15,8,9,2019-03-10,2019-03-20,True,True,False,0.0
chimanimani_s2_1490.nc,2019-03-15,8,9,2019-03-10,2019-03-20,True,True,False,0.0
chimanimani_s2_1491.nc,2019-03-15,7,8,2019-03-10,2019-03-20,True,True,False,0.0
chimanimani_s2_1492.nc,2019-03-15,8,9,2019-03-10,2019-03-20,True,True,False,0.0
chimanimani_s2_1493.nc,2019-03-15,8,9,2019-03-10,2019-03-20,True,True,False,0.0
chimanimani_s2_1494.nc,2019-03-15,8,9,2019-03-10,2019-03-20,True,True,False,0.0
chimanimani_s2_1495.nc,2019-03-15,7,8,2019-03-10,2019-03-20,True,True,False,0.0
chimanimani_s2_1496.nc,2019-03-15,8,9,2019-03-10,2019-03-20,True,True,False,0.0
chimanimani_s2_1497.nc,2019-03-15,8,9,2019-03-10,2019-03-20,True,True,False,0.0
chimanimani_s2_1498.nc,2019-03-15,8,9,2019-03-10,2019-03-20,True,True,False,0.0
chimanimani_s2_1499.nc,2019-03-15,8,9,2019-03-10,2019-03-20,True,True,False,0.0
chimanimani_s2_1523.nc,2019-03-15,7,8,2019-03-10,2019-03-20,True,True,False,0.0
chimanimani_s2_1524.nc,2019-03-15,7,8,2019-03-10,2019-03-20,True,True,False,0.0
chimanimani_s2_1532.nc,2019-03-15,6,7,2019-03-10,2019-03-20,True,True,False,0.0
chimanimani_s2_1535.nc,2019-03-15,7,8,2019-03-10,2019-03-20,True,True,False,0.0
chimanimani_s2_1536.nc,2019-03-15,7,8,2019-03-10,2019-03-20,True,True,False,0.0
chimanimani_s2_1537.nc,2019-03-15,7,8,2019-03-10,2019-03-20,True,True,False,0.0
chimanimani_s2_1538.nc,2019-03-15,7,8,2019-03-10,2019-03-20,True,True,False,0.0
chimanimani_s2_1539.nc,2019-03-15,6,7,2019-03-10,2019-03-20,True,True,False,0.0
chimanimani_s2_1540.nc,2019-03-15,7,8,2019-03-10,2019-03-20,True,True,False,0.0
chimanimani_s2_1544.nc,2019-03-15,6,7,2019-03-10,2019-03-20,True,True,False,0.0
chimanimani_s2_1545.nc,2019-03-15,8,9,2019-03-10,2019-03-20,True,True,False,0.0
chimanimani_s2_1550.nc,2019-03-15,7,8,2019-03-10,2019-03-20,True,True,False,0.0
chimanimani_s2_1551.nc,2019-03-15,7,8,2019-03-10,2019-03-20,True,True,False,0.0
chimanimani_s2_1552.nc,2019-03-15,6,7,2019-03-10,2019-03-20,True,True,False,0.0
chimanimani_s2_1553.nc,2019-03-15,6,7,2019-03-10,2019-03-20,True,True,False,0.0
chimanimani_s2_1554.nc,2019-03-15,8,9,2019-03-10,2019-03-20,True,True,False,0.0
chimanimani_s2_1555.nc,2019-03-15,6,7,2019-03-10,2019-03-20,True,True,False,0.0
chimanimani_s2_1556.nc,2019-03-15,8,9,2019-03-10,2019-03-20,True,True,False,0.0
chimanimani_s2_1592.nc,2019-03-15,7,8,2019-03-10,2019-03-20,True,True,False,0.0
chimanimani_s2_1593.nc,2019-03-15,8,9,2019-03-10,2019-03-20,True,True,False,0.0
chimanimani_s2_1594.nc,2019-03-15,6,7,2019-03-10,2019-03-20,True,True,False,0.0
chimanimani_s2_1595.nc,2019-03-15,7,8,2019-03-10,2019-03-20,True,True,False,0.0
chimanimani_s2_1596.nc,2019-03-15,7,8,2019-03-10,2019-03-20,True,True,False,0.0
chimanimani_s2_1597.nc,2019-03-15,7,8,2019-03-10,2019-03-20,True,True,False,0.0
chimanimani_s2_1598.nc,2019-03-15,6,7,2019-03-10,2019-03-20,True,True,False,0.0
chimanimani_s2_1606.nc,2019-03-15,8,9,2019-03-10,2019-03-20,True,True,False,0.0
chimanimani_s2_1607.nc,2019-03-15,7,8,2019-03-10,2019-03-20,True,True,False,0.0
chimanimani_s2_1608.nc,2019-03-15,7,8,2019-03-10,2019-03-20,True,True,False,0.0
chimanimani_s2_1609.nc,2019-03-15,7,8,2019-03-10,2019-03-20,True,True,False,0.0
chimanimani_s2_1610.nc,2019-03-15,7,8,2019-03-10,2019-03-20,True,True,False,0.0
chimanimani_s2_1611.nc,2019-03-15,7,8,2019-03-10,2019-03-20,True,True,False,0.0
chimanimani_s2_1612.nc,2019-03-15,6,7,2019-03-10,2019-03-20,True,True,False,0.0
chimanimani_s2_1613.nc,2019-03-15,8,9,2019-03-10,2019-03-20,True,True,False,0.0
chimanimani_s2_1614.nc,2019-03-15,7,8,2019-03-10,2019-03-20,True,True,False,0.0
chimanimani_s2_1615.nc,2019-03-15,7,8,2019-03-10,2019-03-20,True,True,False,0.0
chimanimani_s2_1652.nc,2019-03-15,8,9,2019-03-10,2019-03-20,True,True,False,0.0
chimanimani_s2_1654.nc,2019-03-15,7,8,2019-03-10,2019-03-20,True,True,False,0.0
chimanimani_s2_1655.nc,2019-03-15,6,7,2019-03-10,2019-03-20,True,True,False,0.0
chimanimani_s2_1661.nc,2019-03-15,8,9,2019-03-10,2019-03-20,True,True,False,0.0
chimanimani_s2_1662.nc,2019-03-15,7,8,2019-03-10,2019-03-20,True,True,False,0.0
chimanimani_s2_1663.nc,2019-03-15,8,9,2019-03-10,2019-03-20,True,True,False,0.0
chimanimani_s2_1664.nc,2019-03-15,8,9,2019-03-10,2019-03-20,True,True,False,0.0
chimanimani_s2_1665.nc,2019-03-15,7,8,2019-03-10,2019-03-20,True,True,False,0.0
chimanimani_s2_1666.nc,2019-03-15,6,7,2019-03-10,2019-03-20,True,True,False,0.0
chimanimani_s2_1667.nc,2019-03-15,7,8,2019-03-10,2019-03-20,True,True,False,0.0
chimanimani_s2_1668.nc,2019-03-15,7,8,2019-03-10,2019-03-20,True,True,False,0.0
chimanimani_s2_1669.nc,2019-03-15,7,8,2019-03-10,2019-03-20,True,True,False,0.0
chimanimani_s2_1670.nc,2019-03-15,7,8,2019-03-10,2019-03-20,True,True,False,0.0
chimanimani_s2_1671.nc,2019-03-15,7,8,2019-03-10,2019-03-20,True,True,False,0.0
chimanimani_s2_1672.nc,2019-03-15,6,7,2019-03-10,2019-03-20,True,True,False,0.0
chimanimani_s2_1673.nc,2019-03-15,6,7,2019-03-10,2019-03-20,True,True,False,0.0
chimanimani_s2_1674.nc,2019-03-15,7,8,2019-03-10,2019-03-20,True,True,False,0.0
chimanimani_s2_1701.nc,2019-03-15,6,7,2019-03-10,2019-03-20,True,True,False,0.0
chimanimani_s2_1719.nc,2019-03-15,8,9,2019-03-10,2019-03-20,True,True,False,0.0
chimanimani_s2_1720.nc,2019-03-15,8,9,2019-03-10,2019-03-20,True,True,False,0.0
chimanimani_s2_1727.nc,2019-03-15,7,8,2019-03-10,2019-03-20,True,True,False,0.0
chimanimani_s2_1728.nc,2019-03-15,6,7,2019-03-10,2019-03-20,True,True,False,0.0
chimanimani_s2_1729.nc,2019-03-15,6,7,2019-03-10,2019-03-20,True,True,False,0.0
chimanimani_s2_1730.nc,2019-03-15,6,7,2019-03-10,2019-03-20,True,True,False,0.0
chimanimani_s2_1754.nc,2019-03-15,8,9,2019-03-10,2019-03-20,True,True,False,0.0
chimanimani_s2_1758.nc,2019-03-15,6,7,2019-03-10,2019-03-20,True,True,False,0.0
chimanimani_s2_1759.nc,2019-03-15,6,7,2019-03-10,2019-03-20,True,True,False,0.0
chimanimani_s2_1760.nc,2019-03-15,6,7,2019-03-10,2019-03-20,True,True,False,0.0
chimanimani_s2_1771.nc,2019-03-15,8,9,2019-03-10,2019-03-20,True,True,False,0.0
chimanimani_s2_1772.nc,2019-03-15,8,9,2019-03-10,2019-03-20,True,True,False,0.0
chimanimani_s2_1784.nc,2019-03-15,6,7,2019-03-10,2019-03-20,True,True,False,0.0
chimanimani_s2_1812.nc,2019-03-15,8,9,2019-03-10,2019-03-20,True,True,False,0.0
chimanimani_s2_1813.nc,2019-03-15,8,9,2019-03-10,2019-03-20,True,True,False,0.0
chimanimani_s2_1814.nc,2019-03-15,8,9,2019-03-10,2019-03-20,True,True,False,0.0
chimanimani_s2_1815.nc,2019-03-15,7,8,2019-03-10,2019-03-20,True,True,False,0.0
chimanimani_s2_1817.nc,2019-03-15,7,8,2019-03-10,2019-03-20,True,True,False,0.0
chimanimani_s2_1818.nc,2019-03-15,6,7,2019-03-10,2019-03-20,True,True,False,0.0
chimanimani_s2_1819.nc,2019-03-15,7,8,2019-03-10,2019-03-20,True,True,False,0.0
chimanimani_s2_1820.nc,2019-03-15,6,7,2019-03-10,2019-03-20,True,True,False,0.0
chimanimani_s2_1823.nc,2019-03-15,6,7,2019-03-10,2019-03-20,True,True,False,0.0
chimanimani_s2_1824.nc,2019-03-15,6,7,2019-03-10,2019-03-20,True,True,False,0.0
chimanimani_s2_1825.nc,2019-03-15,8,9,2019-03-10,2019-03-20,True,True,False,0.0
chimanimani_s2_1826.nc,2019-03-15,8,9,2019-03-10,2019-03-20,True,True,False,0.0
chimanimani_s2_1827.nc,2019-03-15,7,8,2019-03-10,2019-03-20,True,True,False,0.0
chimanimani_s2_1828.nc,2019-03-15,8,9,2019-03-10,2019-03-20,True,True,False,0.0
chimanimani_s2_1829.nc,2019-03-15,8,9,2019-03-10,2019-03-20,True,True,False,0.0
chimanimani_s2_1830.nc,2019-03-15,8,9,2019-03-10,2019-03-20,True,True,False,0.0
chimanimani_s2_1837.nc,2019-03-15,8,9,2019-03-10,2019-03-20,True,True,False,0.0
chimanimani_s2_1838.nc,2019-03-15,7,8,2019-03-10,2019-03-20,True,True,False,0.0
chimanimani_s2_1839.nc,2019-03-15,7,8,2019-03-10,2019-03-20,True,True,False,0.0
chimanimani_s2_1840.nc,2019-03-15,7,8,2019-03-10,2019-03-20,True,True,False,0.0
chimanimani_s2_1841.nc,2019-03-15,7,8,2019-03-10,2019-03-20,True,True,False,0.0
chimanimani_s2_1842.nc,2019-03-15,6,7,2019-03-10,2019-03-20,True,True,False,0.0
chimanimani_s2_1843.nc,2019-03-15,7,8,2019-03-10,2019-03-20,True,True,False,0.0
chimanimani_s2_1869.nc,2019-03-15,7,8,2019-03-10,2019-03-20,True,True,False,0.0
chimanimani_s2_1870.nc,2019-03-15,8,9,2019-03-10,2019-03-20,True,True,False,0.0
chimanimani_s2_1871.nc,2019-03-15,7,8,2019-03-10,2019-03-20,True,True,False,0.0
chimanimani_s2_1872.nc,2019-03-15,7,8,2019-03-10,2019-03-20,True,True,False,0.0
chimanimani_s2_1873.nc,2019-03-15,7,8,2019-03-10,2019-03-20,True,True,False,0.0
chimanimani_s2_1875.nc,2019-03-15,6,7,2019-03-10,2019-03-20,True,True,False,0.0
chimanimani_s2_1876.nc,2019-03-15,6,7,2019-03-10,2019-03-20,True,True,False,0.0
chimanimani_s2_1877.nc,2019-03-15,7,8,2019-03-10,2019-03-20,True,True,False,0.0
chimanimani_s2_1878.nc,2019-03-15,7,8,2019-03-10,2019-03-20,True,True,False,0.0
chimanimani_s2_1879.nc,2019-03-15,7,8,2019-03-10,2019-03-20,True,True,False,0.0
chimanimani_s2_1880.nc,2019-03-15,8,9,2019-03-10,2019-03-20,True,True,False,0.0
chimanimani_s2_1881.nc,2019-03-15,8,9,2019-03-10,2019-03-20,True,True,False,0.0
chimanimani_s2_1882.nc,2019-03-15,7,8,2019-03-10,2019-03-20,True,True,False,0.0
chimanimani_s2_1883.nc,2019-03-15,8,9,2019-03-10,2019-03-20,True,True,False,0.0
chimanimani_s2_1884.nc,2019-03-15,8,9,2019-03-10,2019-03-20,True,True,False,0.0
chimanimani_s2_1885.nc,2019-03-15,8,9,2019-03-10,2019-03-20,True,True,False,0.0
chimanimani_s2_1886.nc,2019-03-15,8,9,2019-03-10,2019-03-20,True,True,False,0.0
chimanimani_s2_1887.nc,2019-03-15,7,8,2019-03-10,2019-03-20,True,True,False,0.0
chimanimani_s2_1888.nc,2019-03-15,8,9,2019-03-10,2019-03-20,True,True,False,0.0
chimanimani_s2_1890.nc,2019-03-15,8,9,2019-03-10,2019-03-20,True,True,False,0.0
chimanimani_s2_1896.nc,2019-03-15,7,8,2019-03-10,2019-03-20,True,True,False,0.0
chimanimani_s2_1898.nc,2019-03-15,7,8,2019-03-10,2019-03-20,True,True,False,0.0
chimanimani_s2_1899.nc,2019-03-15,6,7,2019-03-10,2019-03-20,True,True,False,0.0
chimanimani_s2_317.nc,2019-03-15,7,8,2019-03-10,2019-03-20,True,True,False,0.0
chimanimani_s2_374.nc,2019-03-15,7,8,2019-03-10,2019-03-20,True,True,False,0.0
chimanimani_s2_375.nc,2019-03-15,7,8,2019-03-10,2019-03-20,True,True,False,0.0
chimanimani_s2_376.nc,2019-03-15,6,7,2019-03-10,2019-03-20,True,True,False,0.0
chimanimani_s2_432.nc,2019-03-15,7,8,2019-03-10,2019-03-20,True,True,False,0.0
chimanimani_s2_482.nc,2019-03-15,7,8,2019-03-10,2019-03-20,True,True,False,0.0
chimanimani_s2_484.nc,2019-03-15,6,7,2019-03-10,2019-03-20,True,True,False,0.0
chimanimani_s2_489.nc,2019-03-15,7,8,2019-03-10,2019-03-20,True,True,False,0.0
chimanimani_s2_505.nc,2019-03-15,8,9,2019-03-10,2019-03-20,True,True,False,0.0
chimanimani_s2_506.nc,2019-03-15,8,9,2019-03-10,2019-03-20,True,True,False,0.0
chimanimani_s2_507.nc,2019-03-15,7,8,2019-03-10,2019-03-20,True,True,False,0.0
chimanimani_s2_548.nc,2019-03-15,6,7,2019-03-10,2019-03-20,True,True,False,0.0
chimanimani_s2_549.nc,2019-03-15,8,9,2019-03-10,2019-03-20,True,True,False,0.0
chimanimani_s2_550.nc,2019-03-15,8,9,2019-03-10,2019-03-20,True,True,False,0.0
chimanimani_s2_551.nc,2019-03-15,7,8,2019-03-10,2019-03-20,True,True,False,0.0
chimanimani_s2_563.nc,2019-03-15,7,8,2019-03-10,2019-03-20,True,True,False,0.0
chimanimani_s2_566.nc,2019-03-15,7,8,2019-03-10,2019-03-20,True,True,False,0.0
chimanimani_s2_588.nc,2019-03-15,6,7,2019-03-10,2019-03-20,True,True,False,0.0
chimanimani_s2_594.nc,2019-03-15,6,7,2019-03-10,2019-03-20,True,True,False,0.0
chimanimani_s2_604.nc,2019-03-15,8,9,2019-03-10,2019-03-20,True,True,False,0.0
chimanimani_s2_605.nc,2019-03-15,8,9,2019-03-10,2019-03-20,True,True,False,0.0
chimanimani_s2_606.nc,2019-03-15,8,9,2019-03-10,2019-03-20,True,True,False,0.0
chimanimani_s2_607.nc,2019-03-15,8,9,2019-03-10,2019-03-20,True,True,False,0.0
chimanimani_s2_608.nc,2019-03-15,6,7,2019-03-10,2019-03-20,True,True,False,0.0
chimanimani_s2_610.nc,2019-03-15,7,8,2019-03-10,2019-03-20,True,True,False,0.0
chimanimani_s2_611.nc,2019-03-15,8,9,2019-03-10,2019-03-20,True,True,False,0.0
chimanimani_s2_612.nc,2019-03-15,8,9,2019-03-10,2019-03-20,True,True,False,0.0
chimanimani_s2_623.nc,2019-03-15,7,8,2019-03-10,2019-03-20,True,True,False,0.0
chimanimani_s2_647.nc,2019-03-15,8,9,2019-03-10,2019-03-20,True,True,False,0.0
chimanimani_s2_651.nc,2019-03-15,7,8,2019-03-10,2019-03-20,True,True,False,0.0
chimanimani_s2_660.nc,2019-03-15,7,8,2019-03-10,2019-03-20,True,True,False,0.0
chimanimani_s2_661.nc,2019-03-15,8,9,2019-03-10,2019-03-20,True,True,False,0.0
chimanimani_s2_662.nc,2019-03-15,7,8,2019-03-10,2019-03-20,True,True,False,0.0
chimanimani_s2_663.nc,2019-03-15,8,9,2019-03-10,2019-03-20,True,True,False,0.0
chimanimani_s2_664.nc,2019-03-15,8,9,2019-03-10,2019-03-20,True,True,False,0.0
chimanimani_s2_665.nc,2019-03-15,6,7,2019-03-10,2019-03-20,True,True,False,0.0
chimanimani_s2_666.nc,2019-03-15,6,7,2019-03-10,2019-03-20,True,True,False,0.0
chimanimani_s2_667.nc,2019-03-15,8,9,2019-03-10,2019-03-20,True,True,False,0.0
chimanimani_s2_668.nc,2019-03-15,8,9,2019-03-10,2019-03-20,True,True,False,0.0
chimanimani_s2_676.nc,2019-03-15,7,8,2019-03-10,2019-03-20,True,True,False,0.0
chimanimani_s2_682.nc,2019-03-15,7,8,2019-03-10,2019-03-20,True,True,False,0.0
chimanimani_s2_683.nc,2019-03-15,7,8,2019-03-10,2019-03-20,True,True,False,0.0
chimanimani_s2_704.nc,2019-03-15,7,8,2019-03-10,2019-03-20,True,True,False,0.0
chimanimani_s2_705.nc,2019-03-15,8,9,2019-03-10,2019-03-20,True,True,False,0.0
chimanimani_s2_706.nc,2019-03-15,7,8,2019-03-10,2019-03-20,True,True,False,0.0
chimanimani_s2_719.nc,2019-03-15,8,9,2019-03-10,2019-03-20,True,True,False,0.0
chimanimani_s2_720.nc,2019-03-15,7,8,2019-03-10,2019-03-20,True,True,False,0.0
chimanimani_s2_721.nc,2019-03-15,7,8,2019-03-10,2019-03-20,True,True,False,0.0
chimanimani_s2_722.nc,2019-03-15,8,9,2019-03-10,2019-03-20,True,True,False,0.0
chimanimani_s2_723.nc,2019-03-15,8,9,2019-03-10,2019-03-20,True,True,False,0.0
chimanimani_s2_724.nc,2019-03-15,7,8,2019-03-10,2019-03-20,True,True,False,0.0
chimanimani_s2_739.nc,2019-03-15,8,9,2019-03-10,2019-03-20,True,True,False,0.0
chimanimani_s2_741.nc,2019-03-15,7,8,2019-03-10,2019-03-20,True,True,False,0.0
chimanimani_s2_747.nc,2019-03-15,7,8,2019-03-10,2019-03-20,True,True,False,0.0
chimanimani_s2_762.nc,2019-03-15,7,8,2019-03-10,2019-03-20,True,True,False,0.0
chimanimani_s2_763.nc,2019-03-15,7,8,2019-03-10,2019-03-20,True,True,False,0.0
chimanimani_s2_770.nc,2019-03-15,6,7,2019-03-10,2019-03-20,True,True,False,0.0
chimanimani_s2_778.nc,2019-03-15,6,7,2019-03-10,2019-03-20,True,True,False,0.0
chimanimani_s2_779.nc,2019-03-15,7,8,2019-03-10,2019-03-20,True,True,False,0.0
chimanimani_s2_780.nc,2019-03-15,7,8,2019-03-10,2019-03-20,True,True,False,0.0
chimanimani_s2_781.nc,2019-03-15,7,8,2019-03-10,2019-03-20,True,True,False,0.0
chimanimani_s2_782.nc,2019-03-15,6,7,2019-03-10,2019-03-20,True,True,False,0.0
chimanimani_s2_791.nc,2019-03-15,8,9,2019-03-10,2019-03-20,True,True,False,0.0
chimanimani_s2_794.nc,2019-03-15,7,8,2019-03-10,2019-03-20,True,True,False,0.0
chimanimani_s2_795.nc,2019-03-15,7,8,2019-03-10,2019-03-20,True,True,False,0.0
chimanimani_s2_831.nc,2019-03-15,6,7,2019-03-10,2019-03-20,True,True,False,0.0
chimanimani_s2_832.nc,2019-03-15,6,7,2019-03-10,2019-03-20,True,True,False,0.0
chimanimani_s2_833.nc,2019-03-15,6,7,2019-03-10,2019-03-20,True,True,False,0.0
chimanimani_s2_837.nc,2019-03-15,7,8,2019-03-10,2019-03-20,True,True,False,0.0
chimanimani_s2_838.nc,2019-03-15,6,7,2019-03-10,2019-03-20,True,True,False,0.0
chimanimani_s2_839.nc,2019-03-15,6,7,2019-03-10,2019-03-20,True,True,False,0.0
chimanimani_s2_840.nc,2019-03-15,6,7,2019-03-10,2019-03-20,True,True,False,0.0
chimanimani_s2_852.nc,2019-03-15,7,8,2019-03-10,2019-03-20,True,True,False,0.0
chimanimani_s2_889.nc,2019-03-15,6,7,2019-03-10,2019-03-20,True,True,False,0.0
chimanimani_s2_890.nc,2019-03-15,6,7,2019-03-10,2019-03-20,True,True,False,0.0
chimanimani_s2_891.nc,2019-03-15,6,7,2019-03-10,2019-03-20,True,True,False,0.0
chimanimani_s2_895.nc,2019-03-15,7,8,2019-03-10,2019-03-20,True,True,False,0.0
chimanimani_s2_896.nc,2019-03-15,6,7,2019-03-10,2019-03-20,True,True,False,0.0
chimanimani_s2_902.nc,2019-03-15,7,8,2019-03-10,2019-03-20,True,True,False,0.0
chimanimani_s2_939.nc,2019-03-15,8,9,2019-03-10,2019-03-20,True,True,False,0.0
chimanimani_s2_944.nc,2019-03-15,6,7,2019-03-10,2019-03-20,True,True,False,0.0
chimanimani_s2_945.nc,2019-03-15,6,7,2019-03-10,2019-03-20,True,True,False,0.0
chimanimani_s2_946.nc,2019-03-15,7,8,2019-03-10,2019-03-20,True,True,False,0.0
chimanimani_s2_947.nc,2019-03-15,7,8,2019-03-10,2019-03-20,True,True,False,0.0
chimanimani_s2_948.nc,2019-03-15,6,7,2019-03-10,2019-03-20,True,True,False,0.0
chimanimani_s2_949.nc,2019-03-15,6,7,2019-03-10,2019-03-20,True,True,False,0.0
chimanimani_s2_972.nc,2019-03-15,7,8,2019-03-10,2019-03-20,True,True,False,0.0
chimanimani_s2_973.nc,2019-03-15,8,9,2019-03-10,2019-03-20,True,True,False,0.0
chimanimani_s2_997.nc,2019-03-15,7,8,2019-03-10,2019-03-20,True,True,False,0.0
