epoch,train_loss,val_loss,val_mIoU,val_OA,IoU_0,IoU_1,IoU_2,IoU_3,IoU_4,IoU_5,IoU_6,lr
1,2.2768,2.79459,0.104659,0.271243,0.0816,0.133656,0.023426,0.03303,0.05567,0.078486,0.326743,7.996954693150857e-05
2,1.945562,2.864074,0.107541,0.294735,0.201196,0.091988,0.02206,0.007626,0.061356,0.055051,0.313512,7.987823468245856e-05
3,1.810575,2.669036,0.141039,0.310338,0.218321,0.074844,0.026653,0.218978,0.099405,0.085223,0.263848,7.97262040497196e-05
4,1.730581,2.436444,0.15161,0.361506,0.280821,0.098127,0.046241,0.242214,0.046834,0.093274,0.253756,7.951368945350795e-05
5,1.662472,2.482338,0.158488,0.360891,0.266925,0.084814,0.023677,0.250454,0.074159,0.127266,0.282122,7.924101857592762e-05
6,1.627048,2.451941,0.159775,0.360283,0.268035,0.060592,0.067664,0.266991,0.063283,0.147618,0.24424,7.890861185570824e-05
7,1.575724,2.343651,0.178784,0.402568,0.332684,0.143927,0.061268,0.255308,0.067825,0.127874,0.262601,7.851698183991908e-05
8,1.54624,2.363197,0.172686,0.379026,0.226248,0.086642,0.096005,0.28884,0.054667,0.141117,0.315284,7.806673239365859e-05
9,1.517287,2.553986,0.16761,0.340174,0.23724,0.134887,0.039799,0.287641,0.081265,0.115472,0.276968,7.755855776893814e-05
10,1.489867,2.424106,0.190333,0.414263,0.354423,0.188262,0.106104,0.246485,0.061248,0.123599,0.252207,7.699324153419583e-05
11,1.471381,2.340323,0.178328,0.432415,0.350228,0.122376,0.040951,0.237668,0.024768,0.165728,0.306575,7.637165536609072e-05
12,1.437179,2.290513,0.202827,0.427645,0.295665,0.211027,0.082816,0.274926,0.038631,0.168869,0.347857,7.569475770544054e-05
13,1.421696,2.303368,0.199748,0.387778,0.272,0.222224,0.049311,0.317497,0.116896,0.135569,0.284739,7.496359227937551e-05
14,1.405804,2.246445,0.207831,0.466108,0.402859,0.152969,0.132598,0.295389,0.064379,0.144493,0.262129,7.417928649198666e-05
15,1.378995,2.305932,0.202777,0.443501,0.368892,0.193274,0.099485,0.274624,0.066517,0.157321,0.259327,7.334304968595056e-05
16,1.365137,2.463853,0.175045,0.351531,0.256032,0.19287,0.064491,0.291976,0.077109,0.150546,0.19229,7.245617127781044e-05
17,1.358716,2.322257,0.188232,0.428275,0.306365,0.118659,0.081866,0.277289,0.023676,0.166531,0.343241,7.152001876978944e-05
18,1.335929,2.251851,0.223883,0.44613,0.337979,0.174825,0.172656,0.299967,0.078827,0.177844,0.325083,7.053603564120124e-05
19,1.328857,2.266412,0.216575,0.440575,0.317714,0.220879,0.116482,0.308038,0.045452,0.170487,0.33697,6.95057391227096e-05
20,1.306013,2.185583,0.223389,0.463452,0.360783,0.155947,0.125887,0.326629,0.088567,0.175764,0.33015,6.843071785686864e-05
21,1.303808,2.268163,0.219743,0.449632,0.351206,0.197273,0.14331,0.245134,0.086597,0.185307,0.329377,6.731262944855122e-05
22,1.298347,2.265141,0.220758,0.461311,0.343602,0.120659,0.170124,0.321076,0.049811,0.173165,0.36687,6.615319790904228e-05
23,1.279887,2.232912,0.230704,0.455555,0.338825,0.208214,0.16503,0.303163,0.088055,0.158134,0.353508,6.495421099773846e-05
24,1.266397,2.221829,0.217616,0.444091,0.341145,0.201745,0.070499,0.314915,0.099576,0.19228,0.303154,6.371751746555271e-05
25,1.259415,2.176708,0.233362,0.483639,0.372899,0.156192,0.163633,0.345702,0.056553,0.18801,0.350546,6.24450242042743e-05
26,1.255614,2.204885,0.241069,0.444084,0.331987,0.228419,0.200264,0.313328,0.108767,0.206695,0.298021,6.113869330627999e-05
27,1.232904,2.221783,0.235898,0.484748,0.373123,0.25757,0.087299,0.333049,0.057906,0.188718,0.353623,5.980053903912974e-05
28,1.226581,2.185764,0.242207,0.470578,0.354674,0.227216,0.17354,0.338357,0.080175,0.177365,0.344122,5.843262473971211e-05
29,1.221303,2.275747,0.229394,0.455387,0.359795,0.253827,0.134697,0.312697,0.096923,0.18116,0.266662,5.7037059632728425e-05
30,1.209421,2.246728,0.235656,0.462046,0.360434,0.160729,0.194433,0.293397,0.097194,0.217329,0.326073,5.561599557842106e-05
31,1.193245,2.211395,0.239049,0.486993,0.403699,0.157984,0.149983,0.32078,0.112107,0.217573,0.311219,5.417162375456099e-05
32,1.185974,2.226846,0.237912,0.484677,0.392977,0.227384,0.141857,0.302002,0.064471,0.207909,0.328781,5.270617127781044e-05
33,1.173011,2.221614,0.242157,0.484606,0.381608,0.2084,0.171112,0.298589,0.072491,0.209649,0.353254,5.122189776967045e-05
34,1.168649,2.247781,0.240522,0.480465,0.38753,0.242572,0.189937,0.29213,0.08055,0.176324,0.314607,4.9721091872308284e-05
35,1.166876,2.303151,0.226782,0.467455,0.37679,0.178188,0.150909,0.268858,0.100071,0.183021,0.329636,4.820606771963709e-05
36,1.149426,2.169875,0.250907,0.492251,0.393266,0.247971,0.163269,0.290755,0.088393,0.225145,0.347548,4.667916136908914e-05
37,1.141399,2.189984,0.243833,0.472437,0.376297,0.17485,0.182429,0.296585,0.13299,0.230092,0.313584,4.51427271995846e-05
38,1.134663,2.26246,0.23828,0.482052,0.38744,0.185852,0.192732,0.290148,0.066608,0.215194,0.329989,4.359913428124989e-05
39,1.130805,2.161476,0.262463,0.489681,0.387168,0.25546,0.210479,0.327452,0.117484,0.210811,0.328388,4.205076272248322e-05
40,1.124893,2.233218,0.2437,0.486907,0.39141,0.242569,0.173622,0.317273,0.065558,0.193341,0.322125,4.050000000000001e-05
41,1.119881,2.247505,0.229347,0.477309,0.390267,0.162045,0.147457,0.301794,0.068538,0.223996,0.311334,3.894923727751681e-05
42,1.11362,2.232365,0.245421,0.475876,0.383088,0.245462,0.16303,0.329616,0.09805,0.214631,0.284072,3.740086571875014e-05
43,1.101068,2.230103,0.251163,0.500704,0.411248,0.271691,0.166564,0.323025,0.071869,0.205699,0.308044,3.585727280041543e-05
44,1.096504,2.286233,0.235563,0.482172,0.4056,0.174521,0.185368,0.306262,0.091827,0.220834,0.264528,3.43208386309109e-05
45,1.087822,2.237493,0.249634,0.485155,0.399052,0.249226,0.162644,0.308171,0.107506,0.230162,0.290678,3.279393228036295e-05
46,1.081834,2.286203,0.231383,0.473061,0.392252,0.169202,0.15593,0.305284,0.094005,0.229993,0.273013,3.127890812769175e-05
47,1.075819,2.213786,0.250906,0.48546,0.391343,0.225676,0.195735,0.313415,0.109467,0.201206,0.319501,2.977810223032957e-05
48,1.068891,2.24224,0.246441,0.48333,0.388396,0.248569,0.158395,0.313358,0.085637,0.223566,0.307166,2.829382872218959e-05
49,1.069158,2.263259,0.239346,0.474506,0.379661,0.222102,0.169724,0.301821,0.089356,0.21508,0.297678,2.6828376245439045e-05
50,1.060614,2.310701,0.232163,0.47088,0.39443,0.179999,0.170889,0.297861,0.100708,0.226248,0.255009,2.5384004421578964e-05
51,1.049458,2.249963,0.245202,0.477358,0.372915,0.224467,0.196067,0.295176,0.088202,0.212987,0.326602,2.3962940367271612e-05
52,1.053994,2.307073,0.224948,0.462995,0.381525,0.142893,0.137127,0.29502,0.123031,0.221541,0.273498,2.2567375260287914e-05
53,1.046895,2.259372,0.240634,0.47472,0.383338,0.198546,0.17387,0.311025,0.103999,0.221835,0.291827,2.1199460960870286e-05
54,1.041507,2.283399,0.241975,0.477857,0.393826,0.210675,0.180177,0.295001,0.105411,0.221405,0.287332,1.9861306693720033e-05
55,1.037875,2.302573,0.234793,0.472011,0.382876,0.187188,0.147681,0.291194,0.103142,0.230695,0.300773,1.855497579572572e-05
56,1.034789,2.290156,0.240871,0.479086,0.387452,0.216569,0.166866,0.303589,0.101863,0.202692,0.307068,1.7282482534447327e-05
57,1.030884,2.287875,0.244514,0.469432,0.371132,0.241092,0.179378,0.294937,0.10543,0.224361,0.295268,1.604578900226158e-05
58,1.024268,2.351175,0.235107,0.468124,0.373695,0.232305,0.181138,0.285756,0.075008,0.198779,0.299071,1.4846802090957761e-05
59,1.020867,2.319974,0.239754,0.460262,0.356665,0.240776,0.197223,0.280892,0.078598,0.226113,0.298012,1.3687370551448818e-05
60,1.021779,2.277626,0.249709,0.4797,0.385842,0.249635,0.196077,0.30732,0.097519,0.216066,0.295505,1.2569282143131384e-05
61,1.015264,2.307804,0.235426,0.471691,0.382172,0.187783,0.164447,0.306426,0.099623,0.225118,0.282413,1.1494260877290424e-05
62,1.013259,2.35115,0.235139,0.463456,0.371128,0.224336,0.173968,0.292411,0.092508,0.21834,0.27328,1.0463964358798786e-05
63,1.007935,2.305479,0.247314,0.478367,0.385862,0.243269,0.196378,0.295493,0.092381,0.222357,0.295457,9.479981230210577e-06
64,1.006568,2.332826,0.238669,0.468195,0.37414,0.225881,0.178986,0.291137,0.092641,0.21605,0.291844,8.543828722189586e-06
65,1.006068,2.307434,0.238276,0.476108,0.388427,0.197837,0.177851,0.298131,0.097767,0.218699,0.289218,7.656950314049477e-06
66,1.003338,2.302366,0.242068,0.477604,0.389457,0.228661,0.173343,0.304974,0.097649,0.217677,0.282715,6.820713508013364e-06
67,1.0022,2.345297,0.236472,0.470746,0.380598,0.229563,0.177292,0.288594,0.087957,0.204505,0.286796,6.0364077206245246e-06
68,0.997644,2.316588,0.241057,0.471167,0.379499,0.2127,0.182612,0.294403,0.102947,0.225861,0.289375,5.305242294559475e-06
69,0.998685,2.337135,0.242256,0.471937,0.37482,0.230814,0.188505,0.286218,0.093926,0.21564,0.305869,4.628344633909289e-06
70,0.995263,2.354247,0.239426,0.467495,0.374341,0.238514,0.175769,0.287139,0.094249,0.220589,0.285379,4.006758465804176e-06
71,0.994473,2.327806,0.238993,0.473767,0.383924,0.21961,0.181349,0.293622,0.087974,0.218807,0.287666,3.4414422310618776e-06
72,0.992975,2.32254,0.242097,0.476537,0.386074,0.224199,0.181629,0.299562,0.096859,0.212987,0.293371,2.9332676063414372e-06
73,0.992032,2.332987,0.242955,0.468942,0.373789,0.238675,0.189249,0.293747,0.0962,0.222822,0.286203,2.4830181600809387e-06
74,0.988959,2.341213,0.238307,0.469445,0.382411,0.220724,0.185913,0.298213,0.094689,0.220203,0.265997,2.091388144291777e-06
75,0.990524,2.341132,0.238162,0.470872,0.380936,0.204615,0.182506,0.291241,0.097465,0.22223,0.28814,1.7589814240723988e-06
76,0.990114,2.340884,0.23985,0.471249,0.380754,0.22442,0.181716,0.293929,0.093209,0.221778,0.283141,1.486310546492063e-06
77,0.990671,2.335865,0.239631,0.472038,0.382936,0.218481,0.186893,0.294694,0.095492,0.216907,0.282016,1.2737959502804119e-06
78,0.987583,2.339206,0.239451,0.469768,0.378351,0.221645,0.182862,0.29075,0.09662,0.21954,0.286387,1.1217653175414456e-06
79,0.991015,2.338615,0.239644,0.469019,0.378882,0.218831,0.183597,0.292363,0.102019,0.220706,0.281112,1.0304530684914455e-06
80,0.986855,2.32687,0.244376,0.469245,0.374254,0.237143,0.196769,0.290642,0.101994,0.219247,0.290583,1e-06
