epoch,train_loss,val_loss,mIoU,OA,mF1,lr,best_mIoU,Building_IoU,Road_IoU,Water_IoU,Barren_IoU,Forest_IoU,Agricultural_IoU,Background_IoU,Building_F1,Road_F1,Water_F1,Barren_F1,Forest_F1,Agricultural_F1,Background_F1
1,1.68999,1.64079,0.497388,0.684425,0.658991,3e-05,0.497388,0.488944,0.520609,0.48414,0.649592,0.338982,0.41908,0.580371,0.656766,0.684737,0.652418,0.787579,0.506328,0.590636,0.734474
2,1.347935,1.534795,0.519243,0.70537,0.678464,2.9995373887170024e-05,0.519243,0.516284,0.558752,0.520804,0.647332,0.368438,0.411407,0.611683,0.680986,0.716922,0.684906,0.785915,0.538479,0.582974,0.759062
3,1.265858,1.563045,0.515634,0.705093,0.674378,2.9981498719186753e-05,0.519243,0.518725,0.583997,0.534182,0.626549,0.338103,0.401997,0.605881,0.683106,0.737372,0.696374,0.770403,0.505347,0.573464,0.754578
4,1.210561,1.52061,0.524442,0.719339,0.678035,2.9958384005397237e-05,0.524442,0.539487,0.58574,0.533176,0.698064,0.282123,0.409715,0.62279,0.700866,0.738759,0.695518,0.822188,0.440088,0.581274,0.767555
5,1.1741,1.505569,0.527756,0.703515,0.684283,2.9926045587471695e-05,0.527756,0.526105,0.586435,0.544581,0.698608,0.340211,0.42768,0.570671,0.689474,0.739312,0.70515,0.822565,0.507698,0.599126,0.726659
6,1.137786,1.481713,0.531551,0.724267,0.684494,2.9884505628546452e-05,0.531551,0.544107,0.597135,0.549306,0.697301,0.301524,0.397437,0.634045,0.704753,0.747757,0.709099,0.821659,0.46334,0.568809,0.776043
7,1.101771,1.537169,0.533509,0.70939,0.690261,2.9833792598034375e-05,0.533509,0.536612,0.59548,0.546411,0.699212,0.390938,0.404665,0.561247,0.698435,0.746459,0.706683,0.822984,0.562121,0.576173,0.718973
8,1.08839,1.464312,0.540127,0.725399,0.693496,2.9773941252113402e-05,0.540127,0.535933,0.60651,0.552598,0.702579,0.355132,0.390077,0.638056,0.69786,0.755066,0.711837,0.825312,0.524129,0.561231,0.77904
9,1.07203,1.593971,0.520238,0.70835,0.673206,2.970499260990639e-05,0.540127,0.539028,0.610229,0.554072,0.716997,0.272451,0.387115,0.561771,0.700479,0.757941,0.713059,0.835175,0.42823,0.558159,0.719403
10,1.046361,1.578025,0.522329,0.712144,0.675899,2.962699392536865e-05,0.540127,0.544974,0.606778,0.536586,0.72369,0.3091,0.361777,0.573399,0.70548,0.755273,0.698413,0.839699,0.472233,0.531331,0.728867
11,1.038541,1.55605,0.520559,0.718098,0.671004,2.9539998654902435e-05,0.540127,0.542748,0.604107,0.549341,0.713185,0.231579,0.394778,0.608174,0.703612,0.7532,0.709128,0.832584,0.376068,0.56608,0.756354
12,1.023372,1.489695,0.540422,0.720842,0.692645,2.944406642072062e-05,0.540422,0.535433,0.603516,0.569028,0.723245,0.308031,0.432995,0.610709,0.697436,0.752741,0.725326,0.839399,0.470984,0.604322,0.758311
13,1.011179,1.540066,0.531477,0.721924,0.682967,2.9339262969984585e-05,0.540422,0.552081,0.609345,0.544179,0.724237,0.27298,0.414112,0.603403,0.711407,0.757258,0.704814,0.840067,0.428884,0.585685,0.752653
14,0.996298,1.527656,0.541065,0.719296,0.693901,2.9225660129744425e-05,0.541065,0.539976,0.603548,0.568209,0.727519,0.327769,0.423547,0.596886,0.701279,0.752766,0.72466,0.84227,0.493714,0.595059,0.747563
15,0.989596,1.524479,0.54151,0.729649,0.692661,2.9103335757712237e-05,0.54151,0.561699,0.612564,0.563779,0.72615,0.3171,0.388547,0.620729,0.719343,0.759739,0.721047,0.841352,0.481513,0.559646,0.765988
16,0.973691,1.525581,0.541488,0.72064,0.695026,2.8972373688902386e-05,0.54151,0.555421,0.618506,0.542883,0.728363,0.359839,0.404539,0.580868,0.714175,0.764292,0.703726,0.842835,0.529238,0.576045,0.734872
17,0.968351,1.539904,0.541831,0.719463,0.694847,2.8832863678175125e-05,0.541831,0.550761,0.619365,0.564858,0.724991,0.329167,0.432252,0.571424,0.71031,0.764948,0.721929,0.840574,0.495298,0.603598,0.727269
18,0.945403,1.489962,0.553169,0.728081,0.704933,2.868490133872314e-05,0.553169,0.549847,0.62027,0.567765,0.729506,0.34955,0.442621,0.612623,0.70955,0.765638,0.724298,0.8436,0.518025,0.613635,0.759785
19,0.945131,1.522862,0.540129,0.723421,0.691978,2.852858807654299e-05,0.553169,0.545631,0.617524,0.567688,0.718864,0.31435,0.403214,0.61363,0.70603,0.763543,0.724236,0.836441,0.478335,0.574701,0.760559
20,0.935864,1.49514,0.546892,0.729636,0.697925,2.836403102093656e-05,0.553169,0.546177,0.620972,0.573431,0.723397,0.327526,0.405577,0.631168,0.706487,0.766172,0.728892,0.839501,0.493438,0.577097,0.773885
21,0.926497,1.565989,0.535446,0.713394,0.688236,2.8191342951089953e-05,0.553169,0.532565,0.61775,0.568738,0.723762,0.306535,0.420676,0.578097,0.694999,0.763715,0.72509,0.839747,0.469234,0.59222,0.732651
22,0.921026,1.596584,0.52533,0.715229,0.676436,2.8010642218780276e-05,0.553169,0.544831,0.618425,0.560766,0.723795,0.262937,0.38234,0.584214,0.70536,0.764231,0.718578,0.839769,0.41639,0.553178,0.737544
23,0.909755,1.528484,0.541198,0.724895,0.691882,2.7822052667263256e-05,0.553169,0.550932,0.625227,0.568452,0.727928,0.289538,0.421887,0.60442,0.710453,0.769403,0.724857,0.842544,0.449057,0.593419,0.753444
24,0.903988,1.629465,0.531202,0.717299,0.683961,2.7625703546397248e-05,0.553169,0.550763,0.620079,0.546076,0.725357,0.315489,0.378492,0.58216,0.710312,0.765492,0.706403,0.84082,0.479653,0.549139,0.735905
25,0.893433,1.673961,0.523463,0.706565,0.676452,2.742172942406183e-05,0.553169,0.539969,0.609333,0.569795,0.722715,0.282116,0.392424,0.547887,0.701273,0.757249,0.725948,0.839042,0.440079,0.563656,0.707916
26,0.892458,1.690268,0.526689,0.699008,0.681464,2.7210270093931716e-05,0.553169,0.53045,0.624813,0.565988,0.722285,0.338526,0.388394,0.516367,0.693195,0.769089,0.722851,0.838752,0.505819,0.559487,0.681058
27,0.876359,1.672956,0.527291,0.701352,0.682078,2.6991470479669153e-05,0.553169,0.537358,0.610735,0.573742,0.723933,0.344531,0.380426,0.520309,0.699067,0.758331,0.729144,0.839862,0.512493,0.551172,0.684478
28,0.876722,1.72509,0.525954,0.699767,0.680723,2.6765480535600466e-05,0.553169,0.535793,0.616864,0.565103,0.723312,0.323241,0.405496,0.511867,0.697741,0.763037,0.722129,0.839444,0.48856,0.577015,0.677132
29,0.871314,1.705221,0.52631,0.704964,0.680163,2.6532455143944868e-05,0.553169,0.537386,0.627172,0.54963,0.726879,0.316707,0.387408,0.538985,0.69909,0.770874,0.709369,0.841841,0.481059,0.558463,0.700442
30,0.869515,1.642536,0.530719,0.708122,0.684306,2.6292554008665927e-05,0.553169,0.537052,0.622731,0.551392,0.725108,0.30492,0.42373,0.550097,0.698808,0.76751,0.710835,0.840652,0.467339,0.595239,0.709758
31,0.864289,1.716301,0.523465,0.705943,0.675371,2.6045941546018437e-05,0.553169,0.539319,0.624224,0.564087,0.726063,0.257656,0.413687,0.539217,0.700725,0.768643,0.721299,0.841293,0.409741,0.58526,0.700638
32,0.857716,1.620556,0.53141,0.718716,0.682184,2.5792786771865722e-05,0.553169,0.549297,0.632295,0.55559,0.728033,0.272983,0.394328,0.587343,0.709092,0.774731,0.714314,0.842615,0.428888,0.565617,0.740033
33,0.853753,1.637903,0.535472,0.712047,0.688622,2.5533263185844633e-05,0.553169,0.540563,0.629636,0.558025,0.726792,0.320642,0.412604,0.560041,0.701774,0.772732,0.716324,0.841783,0.485585,0.584175,0.717982
34,0.852015,1.57174,0.543064,0.720036,0.694768,2.5267548652457525e-05,0.553169,0.543639,0.632637,0.574517,0.728797,0.320704,0.41408,0.587076,0.70436,0.774988,0.729769,0.843126,0.485656,0.585653,0.739821
35,0.838354,1.711813,0.522867,0.706932,0.675685,2.4995825279172854e-05,0.553169,0.54305,0.618599,0.553881,0.728487,0.279652,0.394386,0.542014,0.703865,0.764364,0.7129,0.842919,0.437075,0.565677,0.702995
36,0.846258,1.63178,0.538151,0.715713,0.690618,2.4718279291617776e-05,0.553169,0.545943,0.633708,0.57059,0.727118,0.328701,0.393652,0.567345,0.706291,0.775791,0.726593,0.842001,0.49477,0.564922,0.723957
37,0.8358,1.637945,0.537701,0.714277,0.690127,2.4435100905948438e-05,0.553169,0.546008,0.633954,0.576647,0.729532,0.332901,0.385727,0.559138,0.706346,0.775975,0.731485,0.843618,0.499513,0.556714,0.71724
38,0.832769,1.683592,0.532673,0.711282,0.685836,2.4146484198485298e-05,0.553169,0.545353,0.632219,0.560744,0.72284,0.31584,0.400575,0.551137,0.705797,0.774674,0.71856,0.839126,0.480058,0.572015,0.710624
39,0.82375,1.736531,0.523361,0.703874,0.676674,2.3852626972702923e-05,0.553169,0.539973,0.636013,0.556654,0.716515,0.294402,0.385004,0.534968,0.701276,0.777516,0.715193,0.834849,0.454884,0.555961,0.697041
40,0.828816,1.629912,0.53548,0.719111,0.686778,2.3553730623665365e-05,0.553169,0.553041,0.634949,0.563425,0.72259,0.286726,0.406628,0.581003,0.712204,0.77672,0.720758,0.838957,0.445667,0.57816,0.73498
41,0.81841,1.589819,0.542459,0.719583,0.694411,2.3250000000000057e-05,0.553169,0.546736,0.637365,0.571146,0.728435,0.322572,0.415893,0.575064,0.706954,0.778525,0.727044,0.842884,0.487795,0.587463,0.73021
42,0.818032,1.715992,0.531361,0.709273,0.684276,2.2941643263504776e-05,0.553169,0.54555,0.632875,0.569094,0.727419,0.319657,0.38284,0.542094,0.705962,0.775167,0.725379,0.842203,0.484455,0.553701,0.703062
43,0.815154,1.6385,0.534825,0.715151,0.686004,2.262887174648394e-05,0.553169,0.541985,0.634587,0.574333,0.724226,0.279298,0.415415,0.573929,0.702971,0.776449,0.72962,0.840059,0.436643,0.586987,0.729295
44,0.810039,1.704279,0.529281,0.707724,0.681602,2.2311899806912042e-05,0.553169,0.539861,0.638322,0.560472,0.723758,0.284133,0.411541,0.546879,0.701181,0.779239,0.718337,0.839744,0.442529,0.583109,0.707074
45,0.805622,1.663084,0.532695,0.715869,0.684472,2.199094468152336e-05,0.553169,0.546326,0.633771,0.561801,0.722275,0.297932,0.385217,0.581544,0.706611,0.775838,0.719427,0.838745,0.459087,0.556183,0.735413
46,0.798199,1.721112,0.525604,0.703768,0.678741,2.166622633692877e-05,0.553169,0.536517,0.635537,0.557678,0.726401,0.297532,0.394454,0.531108,0.698355,0.77716,0.716037,0.841521,0.458613,0.565747,0.693757
47,0.795871,1.725032,0.523538,0.701631,0.676227,2.1337967318861617e-05,0.553169,0.530703,0.628005,0.569483,0.724254,0.273246,0.410751,0.528322,0.693411,0.771502,0.725695,0.840078,0.429212,0.582316,0.691375
48,0.794705,1.645407,0.535375,0.716058,0.687265,2.1006392599655966e-05,0.553169,0.542258,0.63596,0.56852,0.72381,0.307307,0.39087,0.5789,0.7032,0.777476,0.724913,0.839779,0.470137,0.562051,0.733295
49,0.790059,1.755706,0.525309,0.704259,0.678938,2.0671729424061848e-05,0.553169,0.539695,0.63117,0.555697,0.72395,0.305956,0.39141,0.529282,0.701042,0.773886,0.714403,0.839874,0.468555,0.562609,0.692197
50,0.79334,1.709585,0.527337,0.705115,0.680024,2.0334207153503016e-05,0.553169,0.535975,0.637358,0.564881,0.717799,0.281862,0.4132,0.540287,0.697895,0.77852,0.721947,0.83572,0.439769,0.584772,0.701541
51,0.792984,1.663586,0.532061,0.709287,0.684724,1.9994057108884088e-05,0.553169,0.539452,0.632902,0.565372,0.723073,0.295217,0.417842,0.55057,0.700836,0.775187,0.722349,0.839283,0.455858,0.589406,0.710152
52,0.78605,1.588325,0.541662,0.718866,0.693785,1.9651512412054782e-05,0.553169,0.543106,0.635493,0.569903,0.725264,0.322691,0.414209,0.580966,0.703912,0.777127,0.726036,0.840757,0.487932,0.585782,0.734951
53,0.783581,1.726678,0.530613,0.703352,0.684644,1.9306807826039807e-05,0.553169,0.536112,0.63558,0.557818,0.725218,0.320944,0.419433,0.519186,0.698011,0.777193,0.716153,0.840727,0.485932,0.590987,0.683505
54,0.781105,1.63363,0.537536,0.716487,0.689613,1.896017959414405e-05,0.553169,0.534902,0.633294,0.568188,0.719601,0.300318,0.422373,0.584072,0.696985,0.775481,0.724643,0.836939,0.461915,0.593899,0.737431
55,0.777047,1.698458,0.530989,0.708926,0.684147,1.8611865278043174e-05,0.553169,0.54036,0.632912,0.559097,0.717535,0.294864,0.426736,0.545417,0.701602,0.775194,0.717206,0.835541,0.455437,0.598199,0.705851
56,0.773917,1.71828,0.532592,0.707168,0.685884,1.8262103594970752e-05,0.553169,0.539616,0.63845,0.56988,0.718208,0.31066,0.41529,0.536039,0.700975,0.779334,0.726018,0.835997,0.474052,0.586863,0.69795
57,0.770151,1.662719,0.536846,0.712923,0.68942,1.791113425411338e-05,0.553169,0.543462,0.63844,0.56891,0.720711,0.307177,0.423888,0.555335,0.704212,0.779326,0.725229,0.83769,0.469986,0.595395,0.714104
58,0.772429,1.731897,0.529105,0.702319,0.683219,1.7559197792325964e-05,0.553169,0.532372,0.630558,0.56851,0.719675,0.319004,0.408504,0.525112,0.694833,0.773426,0.724905,0.836989,0.483704,0.580054,0.688621
59,0.768129,1.658242,0.538593,0.714932,0.691371,1.7206535409279796e-05,0.553169,0.54337,0.636781,0.568431,0.721425,0.332848,0.397898,0.569399,0.704134,0.778089,0.72484,0.838172,0.499454,0.56928,0.725627
60,0.763249,1.61988,0.539575,0.718567,0.691371,1.685338880215634e-05,0.553169,0.544755,0.639078,0.564348,0.720246,0.302893,0.421941,0.583762,0.705296,0.779802,0.721512,0.837376,0.464954,0.593472,0.737184
61,0.764433,1.690887,0.533836,0.713001,0.686204,1.6500000000000055e-05,0.553169,0.545249,0.632435,0.567708,0.723546,0.296414,0.41564,0.555858,0.70571,0.774837,0.724252,0.839602,0.457283,0.587211,0.714536
62,0.763976,1.657275,0.534208,0.711029,0.687078,1.6146611197843765e-05,0.553169,0.535717,0.620912,0.576823,0.721768,0.302409,0.421986,0.559837,0.697676,0.766127,0.731627,0.838403,0.464384,0.593517,0.717815
63,0.76016,1.723565,0.532804,0.705313,0.68636,1.579346459072031e-05,0.553169,0.535781,0.636898,0.568393,0.723487,0.318419,0.417906,0.528747,0.697731,0.778177,0.72481,0.839562,0.483031,0.589469,0.691739
64,0.75713,1.687758,0.532047,0.713721,0.683286,1.5440802207674144e-05,0.553169,0.544325,0.636103,0.573342,0.720979,0.269752,0.417383,0.562444,0.704935,0.777583,0.72882,0.837871,0.42489,0.588949,0.719954
65,0.750769,1.669036,0.536374,0.714058,0.688686,1.5088865745886729e-05,0.553169,0.543721,0.637171,0.566308,0.721127,0.298353,0.427906,0.560032,0.704429,0.77838,0.723112,0.837971,0.459587,0.599347,0.717975
66,0.755291,1.674709,0.535663,0.71255,0.688107,1.4737896405029353e-05,0.553169,0.543227,0.636876,0.572018,0.722202,0.302525,0.42036,0.55243,0.704014,0.77816,0.72775,0.838696,0.464521,0.591907,0.711698
67,0.750551,1.73286,0.528678,0.708024,0.681394,1.4388134721956928e-05,0.553169,0.540611,0.63752,0.562594,0.719815,0.289288,0.408499,0.542418,0.701814,0.778641,0.720077,0.837084,0.448756,0.580049,0.703334
68,0.749008,1.712121,0.530552,0.705448,0.683871,1.4039820405856056e-05,0.553169,0.537899,0.634411,0.56979,0.719635,0.301537,0.420946,0.529645,0.699524,0.776318,0.725944,0.836962,0.463356,0.592487,0.692507
69,0.749118,1.728004,0.529697,0.707914,0.682439,1.369319217396029e-05,0.553169,0.540747,0.63942,0.565051,0.721771,0.296438,0.404637,0.539816,0.701928,0.780056,0.722086,0.838405,0.457311,0.576144,0.701144
70,0.743339,1.69428,0.532674,0.710917,0.685068,1.3348487587945319e-05,0.553169,0.541988,0.634762,0.572266,0.723169,0.299309,0.404242,0.552985,0.702973,0.77658,0.72795,0.839348,0.46072,0.575744,0.712157
71,0.749426,1.685399,0.533953,0.709126,0.687293,1.300594289111601e-05,0.553169,0.540081,0.636523,0.562139,0.722474,0.316062,0.418084,0.542309,0.701367,0.777897,0.719704,0.83888,0.480315,0.589646,0.703243
72,0.744333,1.730603,0.5315,0.706291,0.684822,1.2665792846497082e-05,0.553169,0.539412,0.63727,0.566091,0.723239,0.309854,0.414874,0.529763,0.700802,0.778455,0.722935,0.839395,0.473112,0.586446,0.692608
73,0.744296,1.747538,0.526645,0.703959,0.67991,1.2328270575938248e-05,0.553169,0.538495,0.637678,0.56089,0.719353,0.29227,0.411933,0.525898,0.700028,0.778759,0.71868,0.836772,0.452336,0.583502,0.689296
74,0.740169,1.718194,0.530548,0.70822,0.683312,1.199360740034413e-05,0.553169,0.541023,0.640178,0.562035,0.721431,0.295113,0.413727,0.540331,0.702161,0.78062,0.719619,0.838176,0.455734,0.5853,0.701578
75,0.737485,1.708219,0.531218,0.709075,0.683588,1.1662032681138482e-05,0.553169,0.540356,0.641822,0.56301,0.722457,0.286769,0.422441,0.541667,0.701599,0.781841,0.720417,0.838868,0.44572,0.593966,0.702703
76,0.734694,1.688483,0.53403,0.707097,0.687829,1.1333773663071322e-05,0.553169,0.53719,0.631347,0.567446,0.722176,0.324568,0.420301,0.535182,0.698925,0.77402,0.724039,0.838679,0.490073,0.591848,0.697223
77,0.731442,1.657937,0.53831,0.718257,0.690298,1.1009055318476732e-05,0.553169,0.548703,0.635445,0.56769,0.721751,0.30214,0.42033,0.572109,0.708596,0.777092,0.724237,0.838392,0.464067,0.591877,0.727824
78,0.737888,1.784825,0.52235,0.700023,0.675002,1.068810019308805e-05,0.553169,0.533263,0.638417,0.568791,0.719033,0.270031,0.410664,0.516251,0.695592,0.77931,0.725133,0.836555,0.425236,0.582228,0.680957
79,0.73681,1.690837,0.531201,0.710991,0.68268,1.037112825351615e-05,0.553169,0.540003,0.639552,0.568977,0.722213,0.26979,0.423902,0.553967,0.701302,0.780154,0.725284,0.838703,0.424937,0.595409,0.712971
80,0.731744,1.697966,0.531975,0.708748,0.684687,1.0058356736495315e-05,0.553169,0.537625,0.637228,0.568392,0.717383,0.290784,0.426902,0.545515,0.699293,0.778423,0.724809,0.835437,0.450554,0.598362,0.705933
81,0.730374,1.714915,0.533609,0.709831,0.685927,9.75000000000003e-06,0.553169,0.540931,0.64159,0.57186,0.722213,0.293816,0.421995,0.542856,0.702083,0.781669,0.727622,0.838703,0.454185,0.593526,0.703703
82,0.731614,1.70771,0.533506,0.708678,0.686124,9.446269376334717e-06,0.553169,0.540246,0.641546,0.570057,0.719924,0.295598,0.4284,0.538772,0.701506,0.781636,0.726161,0.837158,0.456312,0.599832,0.700263
83,0.727626,1.712503,0.530216,0.708993,0.682503,9.147373027297164e-06,0.553169,0.539746,0.635111,0.570649,0.719461,0.281089,0.419044,0.546411,0.701085,0.776841,0.726641,0.836845,0.438828,0.590601,0.706683
84,0.729677,1.697976,0.533286,0.710227,0.685413,8.853515801514778e-06,0.553169,0.538606,0.639746,0.567298,0.719946,0.281879,0.436482,0.549043,0.700122,0.780299,0.723919,0.837173,0.43979,0.60771,0.70888
85,0.727082,1.762589,0.528684,0.705034,0.681569,8.564899094051637e-06,0.553169,0.537769,0.631559,0.570474,0.717633,0.281003,0.432828,0.52952,0.699414,0.774179,0.726499,0.835607,0.438723,0.604159,0.6924
86,0.719747,1.705464,0.534082,0.711506,0.686304,8.281720708382294e-06,0.553169,0.543539,0.637242,0.570599,0.723145,0.290036,0.428262,0.545755,0.704277,0.778433,0.7266,0.839332,0.449655,0.599697,0.706134
87,0.726664,1.752649,0.527769,0.704617,0.680799,8.00417472082722e-06,0.553169,0.535439,0.631155,0.563049,0.720878,0.282376,0.431264,0.530221,0.697441,0.773875,0.72045,0.837803,0.440394,0.602634,0.692999
88,0.725518,1.74212,0.528822,0.707837,0.681204,7.732451347542543e-06,0.553169,0.540872,0.634379,0.570295,0.719453,0.278319,0.419542,0.538895,0.702033,0.776294,0.726354,0.836839,0.435446,0.591095,0.700366
89,0.718056,1.753895,0.528082,0.706163,0.681134,7.466736814155438e-06,0.553169,0.539225,0.634967,0.561796,0.718004,0.286647,0.42205,0.533888,0.700645,0.776734,0.719423,0.835858,0.445572,0.59358,0.696124
90,0.719552,1.780748,0.528224,0.703471,0.682301,7.207213228134338e-06,0.553169,0.536877,0.63463,0.563553,0.714158,0.309856,0.414603,0.523887,0.69866,0.776482,0.720862,0.833246,0.473115,0.586176,0.687567
91,0.723496,1.767362,0.529756,0.706141,0.683007,6.9540584539816265e-06,0.553169,0.539129,0.634957,0.566989,0.714765,0.291414,0.43025,0.530788,0.700564,0.776726,0.723667,0.833659,0.45131,0.601643,0.693483
92,0.719949,1.721543,0.531597,0.710009,0.68389,6.707445991334133e-06,0.553169,0.5403,0.63817,0.568621,0.716831,0.282147,0.425806,0.549302,0.701552,0.779125,0.724995,0.835063,0.440117,0.597284,0.709096
93,0.716285,1.742442,0.528755,0.706502,0.681463,6.467544856055196e-06,0.553169,0.538257,0.639172,0.566329,0.714899,0.281454,0.423802,0.537373,0.699827,0.779872,0.723129,0.83375,0.439273,0.59531,0.69908
94,0.72031,1.753437,0.529821,0.707654,0.682424,6.234519464399596e-06,0.553169,0.539971,0.639825,0.568827,0.715663,0.283209,0.424092,0.537163,0.701274,0.780358,0.725162,0.83427,0.441407,0.595597,0.698902
95,0.714462,1.69437,0.536958,0.712839,0.689666,6.008529520330906e-06,0.553169,0.544017,0.64004,0.568109,0.71937,0.308812,0.426653,0.551704,0.704677,0.780518,0.724579,0.836783,0.471897,0.598117,0.711094
96,0.71392,1.757032,0.527912,0.705549,0.680785,5.789729906068336e-06,0.553169,0.536554,0.633941,0.565223,0.718316,0.281346,0.426094,0.533909,0.698386,0.775965,0.722227,0.83607,0.439141,0.597568,0.696142
97,0.711039,1.752238,0.531259,0.707771,0.684316,5.578270575938222e-06,0.553169,0.541054,0.639172,0.562857,0.717637,0.295753,0.426534,0.535808,0.702187,0.779872,0.720292,0.83561,0.456496,0.598001,0.697754
98,0.715496,1.772913,0.528236,0.707376,0.680856,5.374296453602801e-06,0.553169,0.540049,0.638088,0.565335,0.717798,0.283436,0.413288,0.539657,0.70134,0.779064,0.722318,0.835719,0.441683,0.58486,0.701009
99,0.713931,1.744397,0.533358,0.70755,0.686752,5.177947332736787e-06,0.553169,0.540534,0.641179,0.565462,0.716349,0.309157,0.428285,0.532539,0.701749,0.781364,0.722421,0.834736,0.472299,0.599719,0.694976
100,0.717023,1.735311,0.532956,0.708859,0.685493,4.989357781219765e-06,0.553169,0.540737,0.638458,0.57278,0.717706,0.288442,0.434354,0.538211,0.70192,0.77934,0.728367,0.835657,0.447738,0.605644,0.699788
101,0.714617,1.731563,0.53157,0.709043,0.684203,4.808657048910086e-06,0.553169,0.540365,0.637041,0.568788,0.716823,0.287535,0.427329,0.543112,0.701606,0.778283,0.72513,0.835058,0.446644,0.598781,0.703918
102,0.713245,1.742032,0.531497,0.707687,0.684588,4.635968979063477e-06,0.553169,0.540066,0.635262,0.566382,0.717324,0.295048,0.429425,0.536976,0.701354,0.776954,0.723172,0.835397,0.455656,0.600836,0.698744
103,0.711731,1.727519,0.533697,0.709707,0.686431,4.471411923457042e-06,0.553169,0.541049,0.640693,0.565072,0.719949,0.296983,0.43071,0.541423,0.702183,0.781003,0.722104,0.837175,0.45796,0.602093,0.702498
104,0.710342,1.756441,0.529019,0.704562,0.682154,4.315098661276891e-06,0.553169,0.536794,0.635566,0.567612,0.719125,0.291037,0.425491,0.52751,0.69859,0.777181,0.724174,0.836617,0.450858,0.596974,0.69068
105,0.71364,1.755891,0.530393,0.706521,0.683167,4.167136321824893e-06,0.553169,0.539308,0.640528,0.568004,0.719785,0.29049,0.423678,0.530961,0.700714,0.78088,0.724493,0.837064,0.450201,0.595188,0.693631
106,0.710009,1.740257,0.530514,0.707064,0.683174,4.027626311097634e-06,0.553169,0.538678,0.63935,0.567733,0.719132,0.286557,0.427176,0.534972,0.700183,0.780005,0.724273,0.836622,0.445463,0.598631,0.697045
107,0.707951,1.761881,0.53142,0.706686,0.684816,3.89666424228778e-06,0.553169,0.540528,0.637143,0.568504,0.7167,0.305829,0.419382,0.531856,0.701744,0.778359,0.7249,0.834974,0.468406,0.590936,0.694394
108,0.709588,1.715349,0.532719,0.71037,0.685228,3.774339870255596e-06,0.553169,0.540798,0.637551,0.568685,0.718235,0.290246,0.425394,0.54812,0.701971,0.778664,0.725047,0.836015,0.449908,0.596879,0.708111
109,0.707624,1.716159,0.533499,0.70976,0.686119,3.66073703001543e-06,0.553169,0.540002,0.637018,0.568209,0.721444,0.294497,0.429492,0.543831,0.701301,0.778267,0.72466,0.838185,0.454998,0.600901,0.704522
110,0.704704,1.760278,0.528361,0.705466,0.681479,3.5559335792793977e-06,0.553169,0.538705,0.631845,0.569165,0.717259,0.28742,0.42423,0.529901,0.700206,0.774393,0.725437,0.835353,0.446505,0.595732,0.692726
111,0.707287,1.747072,0.530501,0.707454,0.683461,3.46000134509758e-06,0.553169,0.540083,0.638454,0.564991,0.717934,0.292587,0.423974,0.535484,0.701368,0.779337,0.722038,0.835811,0.452715,0.59548,0.697479
112,0.708218,1.725247,0.534233,0.707368,0.68748,3.373006074631368e-06,0.553169,0.537838,0.638108,0.567733,0.720183,0.308144,0.433068,0.534559,0.699473,0.779079,0.724272,0.837333,0.471116,0.604393,0.696694
113,0.704533,1.754057,0.531462,0.705363,0.684613,3.2950073900936244e-06,0.553169,0.536733,0.637923,0.568405,0.721609,0.299115,0.430314,0.526132,0.698538,0.778941,0.724819,0.838296,0.460491,0.601706,0.689497
114,0.704976,1.717083,0.53497,0.709387,0.688077,3.226058747886615e-06,0.553169,0.541733,0.640264,0.568762,0.718108,0.310302,0.425786,0.539834,0.702759,0.780684,0.725109,0.835929,0.473634,0.597265,0.701158
115,0.707237,1.769399,0.528815,0.705518,0.681863,3.1662074019656425e-06,0.553169,0.538418,0.63369,0.568419,0.719455,0.289166,0.423536,0.529019,0.699964,0.775777,0.72483,0.836841,0.448609,0.595048,0.691972
116,0.704879,1.766445,0.528763,0.706422,0.681686,3.1154943714535604e-06,0.553169,0.541029,0.637023,0.566094,0.717408,0.286832,0.42217,0.530784,0.702166,0.77827,0.722937,0.835454,0.445796,0.593698,0.69348
117,0.704691,1.733547,0.531897,0.708765,0.684659,3.0739544125283096e-06,0.553169,0.5406,0.638537,0.568104,0.718426,0.293313,0.424344,0.539952,0.701804,0.779399,0.724575,0.836144,0.453584,0.595845,0.701258
118,0.704312,1.760012,0.529215,0.705919,0.682328,3.041615994602773e-06,0.553169,0.539056,0.634834,0.568537,0.718777,0.293509,0.418945,0.530845,0.700503,0.776634,0.724927,0.836382,0.453818,0.590502,0.693532
119,0.707333,1.76105,0.528655,0.704838,0.681786,3.0185012808132532e-06,0.553169,0.537676,0.637864,0.568729,0.717942,0.293377,0.417305,0.527695,0.699336,0.778897,0.725083,0.835816,0.45366,0.588871,0.690838
120,0.707298,1.752247,0.530095,0.706848,0.682943,3.004626112829977e-06,0.553169,0.539283,0.637968,0.567236,0.720023,0.291456,0.420837,0.53386,0.700694,0.778975,0.723868,0.837225,0.45136,0.592379,0.6961
