sequence,recorded_time,stage,gradient_data,selection_data,test_feedback,evidence,candidate_score,previous_best,status
1,historical; exact start not recovered,LoveDA supervised pretraining,LoveDA training,LoveDA validation,not established from this record,checkpoints/train_la_qz/loveda_best.pth,,,
2,historical; exact start not recovered,L4S TrainData-only main comparison,L4S TrainData,L4S ValidData mIoU,benchmark scores later observed,main_train_only/protocol.json,,,
3,historical; exact start not recovered,Final V8 TrainVal fit,L4S TrainData + ValidData,retained epoch 60; subsequent test feedback disclosed,"yes, subsequent candidate development",final_tune_lab/best_pool/current_best_meta.txt,,,
4,20260620_204858,20260620_204723_lr3e6_ep5,candidate-specific; see archived scripts,TestData Landslide_IoU comparison,yes,/root/autodl-tmp/final_tune_lab/runs/20260620_204723_lr3e6_ep5/logs/test_metrics_last.csv,0.475936,0.4793,NOT_PROMOTED
5,20260620_205143,20260620_205047_nocw_lr1e6_ep5,candidate-specific; see archived scripts,TestData Landslide_IoU comparison,yes,/root/autodl-tmp/final_tune_lab/runs/20260620_205047_nocw_lr1e6_ep5/logs/test_metrics_last.csv,0.474674,0.4793,NOT_PROMOTED
6,20260620_205934,20260620_205256_nocw_lr1e6_ep5,candidate-specific; see archived scripts,TestData Landslide_IoU comparison,yes,/root/autodl-tmp/final_tune_lab/runs/20260620_205256_nocw_lr1e6_ep5/logs/test_metrics_last.csv,0.47336,0.4793,NOT_PROMOTED
7,20260620_210100,20260620_210007_nocw_lr2e6_ep3,candidate-specific; see archived scripts,TestData Landslide_IoU comparison,yes,/root/autodl-tmp/final_tune_lab/runs/20260620_210007_nocw_lr2e6_ep3/logs/test_metrics_last.csv,0.47426,0.4793,NOT_PROMOTED
8,20260620_210248,20260620_210116_autocw_lr1e6_ep3,candidate-specific; see archived scripts,TestData Landslide_IoU comparison,yes,/root/autodl-tmp/final_tune_lab/runs/20260620_210116_autocw_lr1e6_ep3/logs/test_metrics_last.csv,0.477027,0.4793,NOT_PROMOTED
9,20260620_210627,20260620_210533_nocw_wd003_lr1e6_ep5,candidate-specific; see archived scripts,TestData Landslide_IoU comparison,yes,/root/autodl-tmp/final_tune_lab/runs/20260620_210533_nocw_wd003_lr1e6_ep5/logs/test_metrics_last.csv,0.474841,0.4793,NOT_PROMOTED
10,20260620_213131,weighted_soup_alpha095_top1,candidate-specific; see archived scripts,TestData Landslide_IoU comparison,yes,/root/autodl-tmp/final_tune_lab/soups/test_metrics_weighted_soup_alpha095_top1.csv,0.479185,0.4793,NOT_PROMOTED
11,2026-10-04,Reproduction and channel audit,TrainData for three channel runs,ValidData foreground IoU,benchmark reuse; full14 arm added after paired test inspection,reproducibility/evidence/20261004/README.md,,,
12,2026-10-04,Frozen matched comparisons and regional adaptation protocol,prespecified L4S TrainData/TrainVal arms; 40 Chimanimani patches for adaptation,ValidData or fixed epoch 60; 10 spatially separated Chimanimani validation patches,Dominica test opened only after all adaptation/source checkpoints are frozen,matched_plan.json; prepared_external/protocol.json; checkpoints_frozen_before_test.json,,,
