block_id,patches,valid_pixels,foreground_pixels
dominicamaria:257:654,1,16384,0
dominicamaria:257:655,2,32768,0
dominicamaria:257:656,2,32768,0
dominicamaria:257:657,1,16384,0
dominicamaria:257:659,1,16384,0
dominicamaria:257:661,1,16384,0
dominicamaria:257:662,1,16384,0
dominicamaria:257:663,2,32768,0
dominicamaria:257:664,1,16384,0
dominicamaria:265:660,2,32242,893
dominicamaria:265:661,2,32654,955
dominicamaria:265:662,2,32641,11
dominicamaria:265:663,1,14528,0
dominicamaria:265:664,1,15628,19
dominicamaria:265:665,2,32768,79
dominicamaria:265:666,2,32716,84
dominicamaria:265:667,1,16384,70
dominicamaria:265:668,2,32768,548
dominicamaria:265:669,2,32460,713
dominicamaria:265:670,2,32552,37
dominicamaria:265:671,1,16305,24
dominicamaria:265:675,2,32768,0
dominicamaria:265:676,1,16384,0
dominicamaria:265:677,1,16384,0
dominicamaria:265:678,1,16384,0
dominicamaria:265:679,1,16384,0
dominicamaria:266:654,2,32768,0
dominicamaria:266:655,2,32768,0
dominicamaria:266:656,3,49152,0
dominicamaria:266:657,3,49112,38
dominicamaria:266:658,4,65152,2962
dominicamaria:266:659,4,64531,8222
dominicamaria:266:660,4,65372,787
dominicamaria:266:661,4,64540,398
dominicamaria:266:662,2,29077,140
dominicamaria:266:663,3,43472,647
dominicamaria:266:664,2,31929,92
dominicamaria:266:665,4,65422,529
dominicamaria:266:666,4,65490,1032
dominicamaria:266:667,4,65524,475
dominicamaria:266:668,4,65479,829
dominicamaria:266:669,4,65524,522
dominicamaria:266:670,2,32324,274
dominicamaria:266:671,2,32349,0
dominicamaria:266:672,4,65164,0
dominicamaria:266:673,4,65301,0
dominicamaria:266:674,3,49152,0
dominicamaria:266:675,4,65536,0
dominicamaria:266:676,3,49152,0
dominicamaria:266:677,2,32768,0
dominicamaria:266:678,3,49152,0
dominicamaria:266:679,2,32768,0
dominicamaria:267:655,2,32768,0
dominicamaria:267:656,3,49152,0
dominicamaria:267:657,4,65536,0
dominicamaria:267:658,3,49016,2458
dominicamaria:267:659,4,65252,5750
dominicamaria:267:660,4,65006,2780
dominicamaria:267:661,2,32461,55
dominicamaria:267:662,4,65346,1277
dominicamaria:267:663,4,63117,4236
dominicamaria:267:664,3,49026,1322
dominicamaria:267:665,2,32741,50
dominicamaria:267:666,3,49059,4
dominicamaria:267:667,4,65492,1465
dominicamaria:267:668,4,65423,1086
dominicamaria:267:669,4,65508,227
dominicamaria:267:670,4,64987,4
dominicamaria:267:671,3,48987,0
dominicamaria:267:672,4,65536,0
dominicamaria:267:673,3,49152,0
dominicamaria:267:674,1,16384,0
dominicamaria:267:675,3,49152,0
dominicamaria:267:676,4,65536,0
dominicamaria:267:677,2,32768,0
dominicamaria:267:678,3,49152,0
dominicamaria:267:679,2,32768,0
dominicamaria:268:654,1,16384,0
dominicamaria:268:655,2,32768,0
dominicamaria:268:656,2,32768,0
