run,seed,training_samples,validation_samples,channels,initialization,patch_init,epochs,optimizer,lr,min_lr,weight_decay,batch_size,loss,label_smoothing,class_weights,weight_epsilon,weight_clip_min,weight_clip_max,augmentation,selection_split,selection_metric,tta_views,source_checkpoint_sha256,normalization
full14_loveda_mean_s2026,2026,3799,245,"[0, 1, 2, 3, 4, 5, 6, 7, 8, 9, 10, 11, 12, 13]",loveda,positional_source_mean_extra,60,AdamW,3e-05,1e-06,0.05,64,weighted_ce_plus_weighted_dice,0.02,"[0.5, 1.7330335696184156]",1e-12,0.5,2.5,"H/V flips, random rotations, Gaussian noise",val,Landslide_IoU,3,42c8a2967afe258bc8cc5cabc774e3cc5caefa66e60d62fcc9b8751424eca319,finite_zero_p1_p99_patch_band_zscore_v1
full14_loveda_mean_s2027,2027,3799,245,"[0, 1, 2, 3, 4, 5, 6, 7, 8, 9, 10, 11, 12, 13]",loveda,positional_source_mean_extra,60,AdamW,3e-05,1e-06,0.05,64,weighted_ce_plus_weighted_dice,0.02,"[0.5, 1.7330335696184156]",1e-12,0.5,2.5,"H/V flips, random rotations, Gaussian noise",val,Landslide_IoU,3,42c8a2967afe258bc8cc5cabc774e3cc5caefa66e60d62fcc9b8751424eca319,finite_zero_p1_p99_patch_band_zscore_v1
full14_loveda_mean_s2028,2028,3799,245,"[0, 1, 2, 3, 4, 5, 6, 7, 8, 9, 10, 11, 12, 13]",loveda,positional_source_mean_extra,60,AdamW,3e-05,1e-06,0.05,64,weighted_ce_plus_weighted_dice,0.02,"[0.5, 1.7330335696184156]",1e-12,0.5,2.5,"H/V flips, random rotations, Gaussian noise",val,Landslide_IoU,3,42c8a2967afe258bc8cc5cabc774e3cc5caefa66e60d62fcc9b8751424eca319,finite_zero_p1_p99_patch_band_zscore_v1
full14_loveda_random_s2026,2026,3799,245,"[0, 1, 2, 3, 4, 5, 6, 7, 8, 9, 10, 11, 12, 13]",loveda,positional_source_random_extra,60,AdamW,3e-05,1e-06,0.05,64,weighted_ce_plus_weighted_dice,0.02,"[0.5, 1.7330335696184156]",1e-12,0.5,2.5,"H/V flips, random rotations, Gaussian noise",val,Landslide_IoU,3,42c8a2967afe258bc8cc5cabc774e3cc5caefa66e60d62fcc9b8751424eca319,finite_zero_p1_p99_patch_band_zscore_v1
full14_loveda_random_s2027,2027,3799,245,"[0, 1, 2, 3, 4, 5, 6, 7, 8, 9, 10, 11, 12, 13]",loveda,positional_source_random_extra,60,AdamW,3e-05,1e-06,0.05,64,weighted_ce_plus_weighted_dice,0.02,"[0.5, 1.7330335696184156]",1e-12,0.5,2.5,"H/V flips, random rotations, Gaussian noise",val,Landslide_IoU,3,42c8a2967afe258bc8cc5cabc774e3cc5caefa66e60d62fcc9b8751424eca319,finite_zero_p1_p99_patch_band_zscore_v1
full14_loveda_random_s2028,2028,3799,245,"[0, 1, 2, 3, 4, 5, 6, 7, 8, 9, 10, 11, 12, 13]",loveda,positional_source_random_extra,60,AdamW,3e-05,1e-06,0.05,64,weighted_ce_plus_weighted_dice,0.02,"[0.5, 1.7330335696184156]",1e-12,0.5,2.5,"H/V flips, random rotations, Gaussian noise",val,Landslide_IoU,3,42c8a2967afe258bc8cc5cabc774e3cc5caefa66e60d62fcc9b8751424eca319,finite_zero_p1_p99_patch_band_zscore_v1
full14_scratch_s2026,2026,3799,245,"[0, 1, 2, 3, 4, 5, 6, 7, 8, 9, 10, 11, 12, 13]",random,all_random,60,AdamW,3e-05,1e-06,0.05,64,weighted_ce_plus_weighted_dice,0.02,"[0.5, 1.7330335696184156]",1e-12,0.5,2.5,"H/V flips, random rotations, Gaussian noise",val,Landslide_IoU,3,,finite_zero_p1_p99_patch_band_zscore_v1
full14_scratch_s2027,2027,3799,245,"[0, 1, 2, 3, 4, 5, 6, 7, 8, 9, 10, 11, 12, 13]",random,all_random,60,AdamW,3e-05,1e-06,0.05,64,weighted_ce_plus_weighted_dice,0.02,"[0.5, 1.7330335696184156]",1e-12,0.5,2.5,"H/V flips, random rotations, Gaussian noise",val,Landslide_IoU,3,,finite_zero_p1_p99_patch_band_zscore_v1
full14_scratch_s2028,2028,3799,245,"[0, 1, 2, 3, 4, 5, 6, 7, 8, 9, 10, 11, 12, 13]",random,all_random,60,AdamW,3e-05,1e-06,0.05,64,weighted_ce_plus_weighted_dice,0.02,"[0.5, 1.7330335696184156]",1e-12,0.5,2.5,"H/V flips, random rotations, Gaussian noise",val,Landslide_IoU,3,,finite_zero_p1_p99_patch_band_zscore_v1
rgb_loveda_s2026,2026,3799,245,"[3, 2, 1]",loveda,positional_source_mean_extra,60,AdamW,3e-05,1e-06,0.05,64,weighted_ce_plus_weighted_dice,0.02,"[0.5, 1.7330335696184156]",1e-12,0.5,2.5,"H/V flips, random rotations, Gaussian noise",val,Landslide_IoU,3,42c8a2967afe258bc8cc5cabc774e3cc5caefa66e60d62fcc9b8751424eca319,finite_zero_p1_p99_patch_band_zscore_v1
rgb_loveda_s2027,2027,3799,245,"[3, 2, 1]",loveda,positional_source_mean_extra,60,AdamW,3e-05,1e-06,0.05,64,weighted_ce_plus_weighted_dice,0.02,"[0.5, 1.7330335696184156]",1e-12,0.5,2.5,"H/V flips, random rotations, Gaussian noise",val,Landslide_IoU,3,42c8a2967afe258bc8cc5cabc774e3cc5caefa66e60d62fcc9b8751424eca319,finite_zero_p1_p99_patch_band_zscore_v1
rgb_loveda_s2028,2028,3799,245,"[3, 2, 1]",loveda,positional_source_mean_extra,60,AdamW,3e-05,1e-06,0.05,64,weighted_ce_plus_weighted_dice,0.02,"[0.5, 1.7330335696184156]",1e-12,0.5,2.5,"H/V flips, random rotations, Gaussian noise",val,Landslide_IoU,3,42c8a2967afe258bc8cc5cabc774e3cc5caefa66e60d62fcc9b8751424eca319,finite_zero_p1_p99_patch_band_zscore_v1
trainval_mean_s2026,2026,4044,0,"[0, 1, 2, 3, 4, 5, 6, 7, 8, 9, 10, 11, 12, 13]",loveda,positional_source_mean_extra,60,AdamW,3e-05,1e-06,0.05,64,weighted_ce_plus_weighted_dice,0.02,"[0.5, 1.7349161521966872]",1e-12,0.5,2.5,"H/V flips, random rotations, Gaussian noise",,prespecified_final_epoch,3,42c8a2967afe258bc8cc5cabc774e3cc5caefa66e60d62fcc9b8751424eca319,finite_zero_p1_p99_patch_band_zscore_v1
trainval_mean_s2027,2027,4044,0,"[0, 1, 2, 3, 4, 5, 6, 7, 8, 9, 10, 11, 12, 13]",loveda,positional_source_mean_extra,60,AdamW,3e-05,1e-06,0.05,64,weighted_ce_plus_weighted_dice,0.02,"[0.5, 1.7349161521966872]",1e-12,0.5,2.5,"H/V flips, random rotations, Gaussian noise",,prespecified_final_epoch,3,42c8a2967afe258bc8cc5cabc774e3cc5caefa66e60d62fcc9b8751424eca319,finite_zero_p1_p99_patch_band_zscore_v1
trainval_mean_s2028,2028,4044,0,"[0, 1, 2, 3, 4, 5, 6, 7, 8, 9, 10, 11, 12, 13]",loveda,positional_source_mean_extra,60,AdamW,3e-05,1e-06,0.05,64,weighted_ce_plus_weighted_dice,0.02,"[0.5, 1.7349161521966872]",1e-12,0.5,2.5,"H/V flips, random rotations, Gaussian noise",,prespecified_final_epoch,3,42c8a2967afe258bc8cc5cabc774e3cc5caefa66e60d62fcc9b8751424eca319,finite_zero_p1_p99_patch_band_zscore_v1
trainval_random_s2026,2026,4044,0,"[0, 1, 2, 3, 4, 5, 6, 7, 8, 9, 10, 11, 12, 13]",loveda,positional_source_random_extra,60,AdamW,3e-05,1e-06,0.05,64,weighted_ce_plus_weighted_dice,0.02,"[0.5, 1.7349161521966872]",1e-12,0.5,2.5,"H/V flips, random rotations, Gaussian noise",,prespecified_final_epoch,3,42c8a2967afe258bc8cc5cabc774e3cc5caefa66e60d62fcc9b8751424eca319,finite_zero_p1_p99_patch_band_zscore_v1
trainval_random_s2027,2027,4044,0,"[0, 1, 2, 3, 4, 5, 6, 7, 8, 9, 10, 11, 12, 13]",loveda,positional_source_random_extra,60,AdamW,3e-05,1e-06,0.05,64,weighted_ce_plus_weighted_dice,0.02,"[0.5, 1.7349161521966872]",1e-12,0.5,2.5,"H/V flips, random rotations, Gaussian noise",,prespecified_final_epoch,3,42c8a2967afe258bc8cc5cabc774e3cc5caefa66e60d62fcc9b8751424eca319,finite_zero_p1_p99_patch_band_zscore_v1
trainval_random_s2028,2028,4044,0,"[0, 1, 2, 3, 4, 5, 6, 7, 8, 9, 10, 11, 12, 13]",loveda,positional_source_random_extra,60,AdamW,3e-05,1e-06,0.05,64,weighted_ce_plus_weighted_dice,0.02,"[0.5, 1.7349161521966872]",1e-12,0.5,2.5,"H/V flips, random rotations, Gaussian noise",,prespecified_final_epoch,3,42c8a2967afe258bc8cc5cabc774e3cc5caefa66e60d62fcc9b8751424eca319,finite_zero_p1_p99_patch_band_zscore_v1
