run,arm,seed,protocol,training_samples,selected_epoch,validation_iou,Landslide_IoU,Landslide_F1,Landslide_Precision,Landslide_Recall,mIoU,OA,TP,FP,FN,TN,checkpoint_sha256
full14_loveda_mean_s2026,full14_loveda_mean,2026,train_only,3799,19,0.4495416108258121,0.43651264467369444,0.6077393697747071,0.6215473113374892,0.5945315940225668,0.7109271368832586,0.9855062103271485,147165,89607,100366,12770062,fda63271053fade2e9b3d8c26acab7631f6dad0be2df2b68ecdbeb8e402d5705
full14_loveda_mean_s2027,full14_loveda_mean,2027,train_only,3799,23,0.473231154486814,0.43250955371121697,0.603848752827805,0.5860643895614088,0.6227462418848548,0.7084474656669163,0.9845690155029296,154149,108875,93382,12750794,be28ae670e92ec8d75941ec7fb4d3a0651af31cc57b8c8db36a6f7e67ba4af8d
full14_loveda_mean_s2028,full14_loveda_mean,2028,train_only,3799,13,0.4432768165027781,0.40088022880087143,0.5723261997123306,0.5034167167621548,0.6630927035401627,0.6909638806431121,0.9812848663330078,164136,161908,83395,12697761,513614a7eea64da4a984c9d2f85be5fc638cff2f919baec0641bb8a81e046598
full14_loveda_random_s2026,full14_loveda_random,2026,train_only,3799,19,0.49824653795976015,0.4434297883765774,0.6144113027836318,0.6443410948943943,0.5871385806222251,0.7146782138957537,0.9860826873779297,145335,80221,102196,12779448,70a1d5f1acfb7af3b4be2fd95ce99de1b8ee815cb2d7f98596a9fdfa7b723117
full14_loveda_random_s2027,full14_loveda_random,2027,train_only,3799,24,0.4789469581389133,0.43900461376821526,0.6101503908575057,0.599495494933506,0.6211908811421599,0.7119177555727799,0.9850088500976563,153764,102725,93767,12756944,02f477fb7400c3f8bdfd90966b642f262bf407777e6ab72eb42b3dfed94cd3d0
full14_loveda_random_s2028,full14_loveda_random,2028,train_only,3799,31,0.4455474750683564,0.4334467517493189,0.6047615667904769,0.5905959637577639,0.6196234007053661,0.7089852747548666,0.9847048950195313,153376,106321,94155,12753348,88e616bec22ca2d3eae41c9dad9759738cca6a291ab974cfe2275ce637d84d9a
full14_scratch_s2026,full14_scratch,2026,train_only,3799,29,0.4348977869467367,0.38933802243046767,0.560465511120715,0.6169754165210299,0.5134387208066868,0.6869903771083373,0.9847916412353516,127092,78900,120439,12780769,b688a8c35e9680b29747bbedee3a5d2df8fa54c519042d53e4a7f945c03b60c9
full14_scratch_s2027,full14_scratch,2027,train_only,3799,28,0.4381560233670675,0.38862038732866777,0.559721563754755,0.6305701527900125,0.5031854595989997,0.6867636195684215,0.9850502777099609,124554,72972,122977,12786697,a90d5a1ddcca2e3d3d5fe466203729284675138a7a42b1dcf4fda9a3b5dbaa17
full14_scratch_s2028,full14_scratch,2028,train_only,3799,41,0.4242516390351891,0.3852675108148265,0.5562355397885694,0.6740298129787674,0.4734881691586104,0.6854355628289238,0.9857323455810547,117203,56681,130328,12802988,6f2411bb9772a84e87f133bf36711e2d23b51d41f7a0ff1c687da030b0d14094
rgb_loveda_s2026,rgb_loveda,2026,train_only,3799,19,0.4745095451746283,0.44562489635730473,0.6165152488452479,0.5851955357952999,0.6513769992445391,0.7150654777715046,0.9846966552734375,161236,114289,86295,12745380,79163184a984098cd957adfb6606dfcafbf019ea91689c2474a2cd5f33a0da58
rgb_loveda_s2027,rgb_loveda,2027,train_only,3799,19,0.4814281326456041,0.4509684071774811,0.6216102362348942,0.56858244736992,0.6855464568074302,0.7174998981128629,0.9842381286621094,169694,128757,77837,12730912,3090c5b8d8259c18aa36db2a57493bfb7d5e8178d9f57a62c809aaa85502b5d1
rgb_loveda_s2028,rgb_loveda,2028,train_only,3799,24,0.48333071766473107,0.4510433609987349,0.6216814371257485,0.5913014317790802,0.6553522589089852,0.7178957513747184,0.9849369049072265,162220,112124,85311,12747545,5892f5bd95d3ee063e9c90ff8707e41b65277c8e70d1da0aa8aa27ca207a2c1f
trainval_mean_s2026,trainval_mean,2026,trainval_fixed,4044,60,,0.4451178068082125,0.6160297862377471,0.6323051533763206,0.6005712415818625,0.7154084450963031,0.9858612823486328,148660,86448,98871,12773221,d252aa4bce364daaac33c9f8e100a57cea0c12a0d1a0e8b34054c2764e0061d2
trainval_mean_s2027,trainval_mean,2027,trainval_fixed,4044,60,,0.45172083845929834,0.6223246597998919,0.6307503993693077,0.6141210595844561,0.7187394099288178,0.9859231567382812,152014,88991,95517,12770678,75ad2db90a64795e4a3b7ba6bd1ae0560cf42dd8103b00dece8166b44cb8156d
trainval_mean_s2028,trainval_mean,2028,trainval_fixed,4044,60,,0.45204765382785345,0.6226347360380029,0.6440621613102409,0.6025871507003163,0.7190473093986635,0.9862057495117188,149159,82432,98372,12777237,4440654b0b1195f1c2e6f53e4cc7a600f435ca41f3e77e0f14867bab49d6b538
trainval_random_s2026,trainval_random,2026,trainval_fixed,4044,60,,0.4712035385905583,0.6405687945013788,0.6528235091796031,0.6287656899539855,0.7288588755236327,0.9866743469238282,155639,82770,91892,12776899,2f959b4b978850a54e78aa314965ae1f239d971507f5db5ab4882410a02cc7a1
trainval_random_s2027,trainval_random,2027,trainval_fixed,4044,60,,0.48840090190451574,0.6562760090773551,0.6485546123015747,0.6641834760090656,0.7375475211443663,0.9868610382080079,164406,89090,83125,12770579,102f0a2cee392a767fb11a870d581dc1b5ae8ddeb315cc52072999b5ea3eea9f
trainval_random_s2028,trainval_random,2028,trainval_fixed,4044,60,,0.46805178909981043,0.6376502417354274,0.6451434171190877,0.6303291304927464,0.7271799514716947,0.9864710998535157,156026,85821,91505,12773848,026ad8583eb71d5f69a4e202b9abb1991d91faa818adb8b086ef20fd6f8eef21
