region,crs,bbox,event_anchor,annotation_event_date,raw_positive_pixels,excluded_reason,time_index,acquisition_date,valid_pixels,valid_fraction,positive_pixels,input_sha256,block_id,sample,raw_sha256,raw_path,prepared_sha256,prepared_file
chimanimani,EPSG:32736,"[479995.0, 7792645.0, 481275.0, 7793925.0]",2019-03-15,2019-03-15,362,,8,2019-03-20T00:00:00,16384,1.0,362,b481fa8c60ff91039bef6349a9691e2b1eb7065e15e76d17271786c12d8e71b5,chimanimani:187:3044,chimanimani_s2_1004.nc,f02376a8f31c7679ad5de4b7a28ed6e7b214353cfc9c01e3cc2e4066d298e64f,/root/autodl-tmp/datasetss/sen12_raw_chimanimani/raw/chimanimani_s2_1004.nc,e12cfa169e89658b2d19a47653a3efe2e2a76e998780e6049e60ab8c2c70431f,chimanimani_s2_1004.npz
chimanimani,EPSG:32736,"[479995.0, 7795205.0, 481275.0, 7796485.0]",2019-03-15,2019-03-15,357,,7,2019-03-20T00:00:00,16384,1.0,357,79256ce0cfe35c56c3f635424aa835beda49ee50a513b85464ab50a48c12fbbe,chimanimani:187:3045,chimanimani_s2_1006.nc,372970efe81f22774e3cf1726aad95c9a2d3331868c490547f01ca191922ac18,/root/autodl-tmp/datasetss/sen12_raw_chimanimani/raw/chimanimani_s2_1006.nc,f7f29bb3d71102d93ce7c924e4a94afae7b067279ecdf7e2716e99844bc51b3b,chimanimani_s2_1006.npz
chimanimani,EPSG:32736,"[479995.0, 7805445.0, 481275.0, 7806725.0]",2019-03-15,,0,,8,2019-03-25T00:00:00,16384,1.0,0,aeefb41829cf5b7a2a8be2c30847af0df1fa0dbe4c384075b24c16c6f81b9eb6,chimanimani:187:3049,chimanimani_s2_1014.nc,5449ec166f2267961f4ce9b0e3dd5624b15f25df0f996638f018409a941c2489,/root/autodl-tmp/datasetss/sen12_raw_chimanimani/raw/chimanimani_s2_1014.nc,4f5c9b1f01a8e0c82643f532610a6387eb6ff2b0c08529814cde5298b26065f1,chimanimani_s2_1014.npz
chimanimani,EPSG:32736,"[479995.0, 7829765.0, 481275.0, 7831045.0]",2019-03-15,2019-03-15,312,,8,2019-03-25T00:00:00,16384,1.0,312,a69dad0048db17258f6c66035ef5297cd48a21dc194f526676c20fe8da8a3d25,chimanimani:187:3058,chimanimani_s2_1033.nc,a4eff206f51bdfd69521e0adb7ef4311bc5af8a6066de44014955e80967025d1,/root/autodl-tmp/datasetss/sen12_raw_chimanimani/raw/chimanimani_s2_1033.nc,9bd6d83dfbf8a20745fd0a98ec07cad78115e90db50a04d87ba0983d08307749,chimanimani_s2_1033.npz
chimanimani,EPSG:32736,"[479995.0, 7833605.0, 481275.0, 7834885.0]",2019-03-15,,0,,8,2019-03-25T00:00:00,16384,1.0,0,eb779d552770ecab446547084233feff3dcdb61121f632916f4f8af3b8229127,chimanimani:187:3060,chimanimani_s2_1036.nc,4604b6265b9bbac4f893374dffcd5dc7589e093c120e5fa4a62d9f7ab72feff0,/root/autodl-tmp/datasetss/sen12_raw_chimanimani/raw/chimanimani_s2_1036.nc,128572a8f6cde1e4993b6860715131d3aa187aa416e852172aacf96ffb69d60e,chimanimani_s2_1036.npz
chimanimani,EPSG:32736,"[460795.0, 7781125.0, 462075.0, 7782405.0]",2019-03-15,,0,,9,2019-04-29T00:00:00,16257,0.99224853515625,0,4c048947324fc45223acf5a5996e8ab005c82eb31bbbec0ecfb85966f85007a4,chimanimani:180:3039,chimanimani_s2_125.nc,5677c581bf5cfd8a099ce115dc7855ffb6b72d979d7dd5f7c2643c6bc0f31a26,/root/autodl-tmp/datasetss/sen12_raw_chimanimani/raw/chimanimani_s2_125.nc,a20304cc8d4f4a3cb23757885fd882ba9e787d6bc21e7e534140d8f0db807467,chimanimani_s2_125.npz
chimanimani,EPSG:32736,"[460795.0, 7786245.0, 462075.0, 7787525.0]",2019-03-15,,0,,14,2019-08-27T00:00:00,16380,0.999755859375,0,f65c810624479af398bd16a6534f008c0608477d87ee4fe9e9e1c50660f5f6d3,chimanimani:180:3041,chimanimani_s2_129.nc,3081a8918c67d0aad2c54004bad147e6d9233f62b1ccc04a0885b192b6381762,/root/autodl-tmp/datasetss/sen12_raw_chimanimani/raw/chimanimani_s2_129.nc,1abc9d1b29f4d598aa16dd0151da4dee465d0e381e199edca9212881e25a5871,chimanimani_s2_129.npz
chimanimani,EPSG:32736,"[460795.0, 7788805.0, 462075.0, 7790085.0]",2019-03-15,,0,,14,2019-09-06T00:00:00,16384,1.0,0,59f87aaed4d503a1a77b94ab37131d9941c4919a049e9c7f1bb55fc9c5250ac2,chimanimani:180:3042,chimanimani_s2_131.nc,8922d28a009bd959991790b7d6da84ab5bb86d6298e47850b72746b1628f152a,/root/autodl-tmp/datasetss/sen12_raw_chimanimani/raw/chimanimani_s2_131.nc,d15eec65c1d7efdf7e462e6adb9ea149549a09a63ba8decefaba245909141351,chimanimani_s2_131.npz
chimanimani,EPSG:32736,"[460795.0, 7795205.0, 462075.0, 7796485.0]",2019-03-15,,0,,8,2019-03-25T00:00:00,16384,1.0,0,a400cbd30d181d23200bb50c4d405d3e9b337880d69d2b0319f862f349be1ef9,chimanimani:180:3045,chimanimani_s2_136.nc,a026e63b231b45dcd378b37625c6d6cb3258fa2ac3cb649b1b5a710d84ce7853,/root/autodl-tmp/datasetss/sen12_raw_chimanimani/raw/chimanimani_s2_136.nc,e6ccd46cfe29a18fa2226911c04fff50ae3ae0e976b141090ab5f0142510449e,chimanimani_s2_136.npz
chimanimani,EPSG:32736,"[460795.0, 7802885.0, 462075.0, 7804165.0]",2019-03-15,,0,,8,2019-03-25T00:00:00,16384,1.0,0,2aee51fea52742bb13ce51a8e9860dc50f54f350bbf5394fb70a4bd256e7c9b4,chimanimani:180:3048,chimanimani_s2_142.nc,fcc741c3c8d442e86618ab6d1e0a051392826fe2f69079fe2b94100163952968,/root/autodl-tmp/datasetss/sen12_raw_chimanimani/raw/chimanimani_s2_142.nc,8f8367eb55e8f52e4bceba5d4f072b955ef04b234c487421aa2cf9a4e716d88a,chimanimani_s2_142.npz
chimanimani,EPSG:32736,"[463355.0, 7802885.0, 464635.0, 7804165.0]",2019-03-15,,0,,8,2019-03-25T00:00:00,16384,1.0,0,bb035f73d9955e45d296dc13c9667f7321f24815f9cd49c2495eab2b9c0d5484,chimanimani:181:3048,chimanimani_s2_258.nc,c828dc0ba1794a54f6d9892d836c566e23fb703e42e1c90ae9622d240eeb6f77,/root/autodl-tmp/datasetss/sen12_raw_chimanimani/raw/chimanimani_s2_258.nc,cd0af7430cd069b2808edf9a5238e016c0812374c65ed467b8be5733408dc2e2,chimanimani_s2_258.npz
chimanimani,EPSG:32736,"[463355.0, 7831045.0, 464635.0, 7832325.0]",2019-03-15,,0,,8,2019-04-04T00:00:00,16384,1.0,0,9e1e8c11265f263ad2415b87c4327e8d1966740bc596156f7148e15f606bb658,chimanimani:181:3059,chimanimani_s2_280.nc,3b3784d049b88758cb66dfe6985ed226cb9b605dd2fa60ec8ddcf3c8f84c14f9,/root/autodl-tmp/datasetss/sen12_raw_chimanimani/raw/chimanimani_s2_280.nc,d18d814471bfbefb60c206018163ffc5abef55f452d23b130917de41a4480f89,chimanimani_s2_280.npz
chimanimani,EPSG:32736,"[464635.0, 7778565.0, 465915.0, 7779845.0]",2019-03-15,,0,,8,2019-03-25T00:00:00,16384,1.0,0,0408231c5264f8c041f6a4b6f55be42e1eaffbe54119670b3f6d888fa3d5ecfb,chimanimani:181:3038,chimanimani_s2_297.nc,04cf4d2e6f8ffc059e2658d791682bb772b53a86d72141b12a492704ccd58570,/root/autodl-tmp/datasetss/sen12_raw_chimanimani/raw/chimanimani_s2_297.nc,e87d54c62be771a762c0f70955c31d5273fcc34bb955a16a6e6c57be13b68041,chimanimani_s2_297.npz
chimanimani,EPSG:32736,"[464635.0, 7787525.0, 465915.0, 7788805.0]",2019-03-15,,0,,8,2019-03-25T00:00:00,16384,1.0,0,d99dbdbcc9131b8a604d41432bebe4eb28d4f0886b962e016463426e959d7b12,chimanimani:181:3042,chimanimani_s2_304.nc,adbc6324f701fa88b5a607a27a6ae05f3bc883254b29db994795134d71b9d452,/root/autodl-tmp/datasetss/sen12_raw_chimanimani/raw/chimanimani_s2_304.nc,03a93311fa84a92a2f92e620485f033ece5e8e13d170fa65fb0b0d818b325a37,chimanimani_s2_304.npz
chimanimani,EPSG:32736,"[467195.0, 7777285.0, 468475.0, 7778565.0]",2019-03-15,,0,,8,2019-03-25T00:00:00,16384,1.0,0,bd70002b86bf00f740999fc7222eb4455e4bf5779b933853c06e759a658e917b,chimanimani:182:3038,chimanimani_s2_412.nc,be05620730e191f5b4a9799291c0722ea89ac0d0e37129f7ea3c2005011af737,/root/autodl-tmp/datasetss/sen12_raw_chimanimani/raw/chimanimani_s2_412.nc,b6d4e09ed49e9c1831af4dc142f3b6ca160396652ba8deef22b9e924ce58278a,chimanimani_s2_412.npz
chimanimani,EPSG:32736,"[467195.0, 7800325.0, 468475.0, 7801605.0]",2019-03-15,,0,,9,2019-04-19T00:00:00,16384,1.0,0,6551b53311674c47154101df341a83649b2010a1c3ac189bb9e783cfcfdba502,chimanimani:182:3047,chimanimani_s2_430.nc,f7b6397616426b89eef6e975bddfc36d45d891031fbe3f30c875dc1826d5cf25,/root/autodl-tmp/datasetss/sen12_raw_chimanimani/raw/chimanimani_s2_430.nc,be80c04990e03e9e20e4590958e491a2337dcb0265b49d67cfa2b49cbb5650ac,chimanimani_s2_430.npz
chimanimani,EPSG:32736,"[467195.0, 7809285.0, 468475.0, 7810565.0]",2019-03-15,,0,,8,2019-03-25T00:00:00,16384,1.0,0,4f631e463de3ff69106e2e4fcc841c26c55adb80e1897dd82f8768b621dfa729,chimanimani:182:3050,chimanimani_s2_437.nc,b614d192133a83cb5fcdfe49338f9ae1b579fd74b355d47a1a09065d6810c5b9,/root/autodl-tmp/datasetss/sen12_raw_chimanimani/raw/chimanimani_s2_437.nc,795f0e3340f96972075d9a477512ef007ac90db4b2c3a7cdc00e9e75204f5d93,chimanimani_s2_437.npz
chimanimani,EPSG:32736,"[467195.0, 7820805.0, 468475.0, 7822085.0]",2019-03-15,,0,,8,2019-03-25T00:00:00,16384,1.0,0,facea15a056846bcec2556bb9a5e4310d232e6a2531ae10879ee946230897caf,chimanimani:182:3055,chimanimani_s2_446.nc,4ffc7d68bc63bfa14420889f3e922da00570a55e6ec2d99a5f2803be9ff6844d,/root/autodl-tmp/datasetss/sen12_raw_chimanimani/raw/chimanimani_s2_446.nc,eb526258d2ecb0a306ee08fd2f3a59240e69335305280aab7ffdeaeb99b33aa9,chimanimani_s2_446.npz
chimanimani,EPSG:32736,"[468475.0, 7796485.0, 469755.0, 7797765.0]",2019-03-15,,0,,8,2019-04-04T00:00:00,16384,1.0,0,5a4150633c5bf462898ca65e208c3f04ca35765919598d0fa9ce74db560aa099,chimanimani:183:3045,chimanimani_s2_485.nc,264556b0863454fa88fd40d9f9659cead8f187ef9e5d2373e6c962e7dd42e1b8,/root/autodl-tmp/datasetss/sen12_raw_chimanimani/raw/chimanimani_s2_485.nc,a9a943cae8aabca305fd69e724288b7e274e91bd1c1bc044e7579579bcdc9681,chimanimani_s2_485.npz
chimanimani,EPSG:32736,"[469755.0, 7838725.0, 471035.0, 7840005.0]",2019-03-15,,0,,14,2019-09-06T00:00:00,16384,1.0,0,ad8ed468caa84b61cef303899b997f923184261bed3faf2fe4ad8961723ffe7f,chimanimani:183:3062,chimanimani_s2_576.nc,0f1255425f24ee6bb352e6ccb3dc7d6acf62d7725671b756892b40a22e8d0e6f,/root/autodl-tmp/datasetss/sen12_raw_chimanimani/raw/chimanimani_s2_576.nc,49427daf8fcd7d5c953143f57e1fb07ffb9201bde187b017e1f7ca8e4a829120,chimanimani_s2_576.npz
chimanimani,EPSG:32736,"[459515.0, 7776005.0, 460795.0, 7777285.0]",2019-03-15,,0,,8,2019-03-25T00:00:00,16384,1.0,0,ef48bfd454d951960f008516137b11cb056ee047752059c06e6cb4f01e0e40cd,chimanimani:179:3037,chimanimani_s2_63.nc,c9f77c07255eba1979f7a129207c28fa6b9a6ad81e3721bad04a284176bbadb2,/root/autodl-tmp/datasetss/sen12_raw_chimanimani/raw/chimanimani_s2_63.nc,0fa36a643863eecba7e602d14e3413876977d99081273b9b069dbb1da0366a8d,chimanimani_s2_63.npz
chimanimani,EPSG:32736,"[472315.0, 7776005.0, 473595.0, 7777285.0]",2019-03-15,,0,,8,2019-03-25T00:00:00,16384,1.0,0,227f6843abf22be80a959b09e4769b29991184197a161976852fffba53d7a653,chimanimani:184:3037,chimanimani_s2_643.nc,78dd50da9e70a68da0b60bcbaadde90d522fcc95c0b47abebfbd6c5af1dfce07,/root/autodl-tmp/datasetss/sen12_raw_chimanimani/raw/chimanimani_s2_643.nc,082d6388b32eb84c228ba7b2d052e784ab5da5cef1d8d17fefda67ed91829afc,chimanimani_s2_643.npz
chimanimani,EPSG:32736,"[459515.0, 7778565.0, 460795.0, 7779845.0]",2019-03-15,,0,,8,2019-03-25T00:00:00,16384,1.0,0,f918c0e9640a4923ede884c1aeb7e6540704e7157e7d4a123a8d7f5e9fefe438,chimanimani:179:3038,chimanimani_s2_65.nc,7f72eb253cd0fc8dcd5a7325be1c43d13410ed29ffedfab5c4a139a6a20fc9a3,/root/autodl-tmp/datasetss/sen12_raw_chimanimani/raw/chimanimani_s2_65.nc,2354f1aefc2ad03a1b3a4110a9b335402c703778ceb7fc7a05215b473fdd484b,chimanimani_s2_65.npz
chimanimani,EPSG:32736,"[472315.0, 7806725.0, 473595.0, 7808005.0]",2019-03-15,2019-03-15,122,,10,2019-03-25T00:00:00,16384,1.0,122,452bdbe54fb652f07d25ee4952e23acd6096f2f1a768a401db2aa7a3463b6e64,chimanimani:184:3049,chimanimani_s2_667.nc,9aab38c7281f59da996934d7a93ae5d7085d91eebaacd6af43204be8a35bac75,/root/autodl-tmp/datasetss/sen12_raw_chimanimani/raw/chimanimani_s2_667.nc,c0fc441d60d7b55900e6c61465529b6387488f581a4dfc0a18b6f946b14fd26e,chimanimani_s2_667.npz
chimanimani,EPSG:32736,"[473595.0, 7774725.0, 474875.0, 7776005.0]",2019-03-15,,0,,9,2019-05-04T00:00:00,16350,0.9979248046875,0,c95e0f6cdb27a2e472e342758745646db164950f0c541a92e498f3be7bef4e0a,chimanimani:185:3037,chimanimani_s2_700.nc,b97d229b38123793fb3cf44b72de45ec25d696259da4a2c52eefe436a5323f30,/root/autodl-tmp/datasetss/sen12_raw_chimanimani/raw/chimanimani_s2_700.nc,f770d7a0f8e8fe840fca00f677f7c1a3fea3602ba4fb918c709855e8b746d80a,chimanimani_s2_700.npz
chimanimani,EPSG:32736,"[474875.0, 7805445.0, 476155.0, 7806725.0]",2019-03-15,2019-03-15,89,,8,2019-03-25T00:00:00,16384,1.0,89,6edb392a3b54282f2c9847e97fcf06cf50fdcd7316dc39291d8d46b0ce7ea4e2,chimanimani:185:3049,chimanimani_s2_782.nc,ffd3611b1b70ae4314b1b008bd10a323da08d5564f13b3476c5a2dc7d6d4c9d0,/root/autodl-tmp/datasetss/sen12_raw_chimanimani/raw/chimanimani_s2_782.nc,73ec65c39ac76e060a705f329707e74f973dd5064af3bf938567f7ebf5cfe8c6,chimanimani_s2_782.npz
chimanimani,EPSG:32736,"[476155.0, 7795205.0, 477435.0, 7796485.0]",2019-03-15,2019-03-15,146,,8,2019-03-25T00:00:00,16384,1.0,146,e667aabadc217d9ed0ca18bad2ac9d87d5dd1c4a12e44093c50e460627623962,chimanimani:186:3045,chimanimani_s2_832.nc,3766e4f62fafc2ba9690e1bf845a5c19a86e8e00b3b48a6cd6cdc7a3e8192f1b,/root/autodl-tmp/datasetss/sen12_raw_chimanimani/raw/chimanimani_s2_832.nc,9fb59b0c870014c1bb9417290a417242ee1a281824de3388365651903c71801a,chimanimani_s2_832.npz
chimanimani,EPSG:32736,"[459515.0, 7804165.0, 460795.0, 7805445.0]",2019-03-15,,0,,8,2019-04-04T00:00:00,16384,1.0,0,054cd86f50ec006d95982fd8c13112713dbbae19932e891942dca196d79601e3,chimanimani:179:3048,chimanimani_s2_85.nc,cb96256d57265d3dc263e9341a69d2af3ca3e089744a796a8207c5d534844971,/root/autodl-tmp/datasetss/sen12_raw_chimanimani/raw/chimanimani_s2_85.nc,d018a5d04160044062902e57b0e495c7588c6ecb46dc7827ca40a078b9e46cba,chimanimani_s2_85.npz
chimanimani,EPSG:32736,"[476155.0, 7819525.0, 477435.0, 7820805.0]",2019-03-15,,0,,8,2019-03-25T00:00:00,16384,1.0,0,f75ce1db3b097ded265b6288730eb88a718e80b5fc3a165acac6ff72b2d97ebf,chimanimani:186:3054,chimanimani_s2_851.nc,83bc1cdc09a6746959f96f305cd42c1e25f4ae98e6daeb5f28253fbbe017329e,/root/autodl-tmp/datasetss/sen12_raw_chimanimani/raw/chimanimani_s2_851.nc,badbb0be56a3751aca61cd23c0c09ea48fb482604dbc65fdc01f1b896435027c,chimanimani_s2_851.npz
chimanimani,EPSG:32736,"[477435.0, 7802885.0, 478715.0, 7804165.0]",2019-03-15,2019-03-15,78,,8,2019-03-25T00:00:00,16384,1.0,78,3cc897671f18db9ee32448e00584582b162fa5ec3213101bf7c846afba059940,chimanimani:186:3048,chimanimani_s2_896.nc,2dcf9dc3343c5d913e76d7fa3eec738136ac1a67fde630c23c28deaccf9fe461,/root/autodl-tmp/datasetss/sen12_raw_chimanimani/raw/chimanimani_s2_896.nc,c6d2d12b3efe7423a3d4f8ca9d98ff63a3c341725648d510b07c6a3f007a16b5,chimanimani_s2_896.npz
chimanimani,EPSG:32736,"[477435.0, 7806725.0, 478715.0, 7808005.0]",2019-03-15,,0,,8,2019-03-25T00:00:00,16384,1.0,0,adde3e7607558f2bfde78104a97366a8e34f701df8c9b09d68d391577373cb4a,chimanimani:186:3049,chimanimani_s2_899.nc,298cb014156c2b8804e0e6477c1c24ca9b8a9edb67f4f790b9d3f3924d395e31,/root/autodl-tmp/datasetss/sen12_raw_chimanimani/raw/chimanimani_s2_899.nc,eaeceb1e5921d945c1564d94658d48134ff09c4d191da1d83d004893538f2f50,chimanimani_s2_899.npz
chimanimani,EPSG:32736,"[477435.0, 7818245.0, 478715.0, 7819525.0]",2019-03-15,,0,,8,2019-03-25T00:00:00,16384,1.0,0,eec8b92f2c7b3b3464ce81efe165a76a26a959b44d7ddd1fedc4910afc2c7b42,chimanimani:186:3054,chimanimani_s2_908.nc,f2624b2246aeb321dc616aad7924a55974b936ce2e23b601fd76d7fc8a5f2b49,/root/autodl-tmp/datasetss/sen12_raw_chimanimani/raw/chimanimani_s2_908.nc,9b2797559adbe224e8d46f031c625d34824cbe95d6f4263956fe3d14ca7d0c09,chimanimani_s2_908.npz
chimanimani,EPSG:32736,"[459515.0, 7811845.0, 460795.0, 7813125.0]",2019-03-15,,0,,8,2019-04-04T00:00:00,16384,1.0,0,70ed350fa4a8adf4c275c33eaa58ec6f5f32abef9081486356ff606c8a5c9f97,chimanimani:179:3051,chimanimani_s2_91.nc,2e861f49cd7fab7c6b7a3629bc5e5af0b83d5b855b38cd21f091a21a4db92a76,/root/autodl-tmp/datasetss/sen12_raw_chimanimani/raw/chimanimani_s2_91.nc,2bdddcda50dee7de0931cd369bf4ad1009deb5c206673d987d9ea1ec079761e5,chimanimani_s2_91.npz
chimanimani,EPSG:32736,"[477435.0, 7828485.0, 478715.0, 7829765.0]",2019-03-15,,0,,8,2019-03-25T00:00:00,16384,1.0,0,1109488ebf1fcc289957e2e36613cb95b976c60e0a06ca1ae3f5d213a54c9f1f,chimanimani:186:3058,chimanimani_s2_916.nc,54fddacd7c66f1274c6be6f8961993e2659eac43422244808d9b74fc6af58a6f,/root/autodl-tmp/datasetss/sen12_raw_chimanimani/raw/chimanimani_s2_916.nc,2c631e2830730b79912e91371bff9f706468cc6a342787d0af6d8c924184af0a,chimanimani_s2_916.npz
chimanimani,EPSG:32736,"[477435.0, 7833605.0, 478715.0, 7834885.0]",2019-03-15,,0,,8,2019-04-04T00:00:00,16384,1.0,0,4cf4adec218c526d2cd47c2fceb0e9c535741b0218cb9704b87fd199b509b47e,chimanimani:186:3060,chimanimani_s2_920.nc,5e6addbf80e2f2bf9b3a7de7c4345d511f6e48ce7b5821e98d3af8a28a5d0a8d,/root/autodl-tmp/datasetss/sen12_raw_chimanimani/raw/chimanimani_s2_920.nc,4362ea0b374d6db610cebb31b75e3eb95de973bf03a133b544175c0025acb088,chimanimani_s2_920.npz
chimanimani,EPSG:32736,"[477435.0, 7838725.0, 478715.0, 7840005.0]",2019-03-15,,0,,14,2019-09-06T00:00:00,16384,1.0,0,1a10553279b0693e3d137f35a9183749d3d7c45e701111dd1a26aa27de901b77,chimanimani:186:3062,chimanimani_s2_924.nc,4c8e35295687d16097d9b206c09c158960b61263d1c89c6dcd81fc8e54aec4b9,/root/autodl-tmp/datasetss/sen12_raw_chimanimani/raw/chimanimani_s2_924.nc,4e9f57c217b24b92784a1b361f3f47b121c8af0de147921de4464c2abc2790bd,chimanimani_s2_924.npz
chimanimani,EPSG:32736,"[478715.0, 7790085.0, 479995.0, 7791365.0]",2019-03-15,2019-03-15,73,,8,2019-03-25T00:00:00,16384,1.0,73,fda9c6795001b2deefac540702ec990bcf21d5c758e6586301ae2fc633e2f6c9,chimanimani:187:3043,chimanimani_s2_944.nc,35d245a558b1753a6022a6bfaed45c01e192553d98c1a26bf652786a46b9a6a3,/root/autodl-tmp/datasetss/sen12_raw_chimanimani/raw/chimanimani_s2_944.nc,dc64531c3db8b08b3d7eb23b79b3070c54ab023d39a6b6923cd02778a897f4cc,chimanimani_s2_944.npz
chimanimani,EPSG:32736,"[478715.0, 7791365.0, 479995.0, 7792645.0]",2019-03-15,2019-03-15,98,,8,2019-03-25T00:00:00,16384,1.0,98,4b953bc976e5f2e3f25a7d7505087708200adb35cae497793e577cd22d91a392,chimanimani:187:3043,chimanimani_s2_945.nc,c9d95333565ee975e70f90baaa3f099181fdc135a2bb5e9aaf923e4e732853a8,/root/autodl-tmp/datasetss/sen12_raw_chimanimani/raw/chimanimani_s2_945.nc,d95f985dfebd5108bbf1e1d111ddf71c54aa1e9924e0913ae97a8dd3365a954a,chimanimani_s2_945.npz
chimanimani,EPSG:32736,"[478715.0, 7801605.0, 479995.0, 7802885.0]",2019-03-15,,0,,8,2019-03-25T00:00:00,16384,1.0,0,89e36ca6c3c09734ca2a098160a7dda4f372206286444aa3a9f0902e9e6300ff,chimanimani:187:3047,chimanimani_s2_953.nc,032873a0136b8352fd03e259cf5ec3a77a2744956bdc9ac07e81855e63415f03,/root/autodl-tmp/datasetss/sen12_raw_chimanimani/raw/chimanimani_s2_953.nc,c347c196a7b602c21b2032625dd38471cc5ed7b25d589edc12a83c9f06a7b387,chimanimani_s2_953.npz
chimanimani,EPSG:32736,"[478715.0, 7838725.0, 479995.0, 7840005.0]",2019-03-15,,0,,14,2019-09-06T00:00:00,16384,1.0,0,bc54a10d4d142807c283ff9706e110e59e5f9b839a7eb32f9b2934829079f8ba,chimanimani:187:3062,chimanimani_s2_982.nc,f35a0a0b70f7561067d567422bd852f7580c5318149d82b46be064dd65438b6b,/root/autodl-tmp/datasetss/sen12_raw_chimanimani/raw/chimanimani_s2_982.nc,ec01bb8c59ccdece07a198e2f4e7fdadf3a9d373cd2d0337e06ee394e1217cd9,chimanimani_s2_982.npz
