sample,stage,seed,Landslide_IoU,Landslide_F1,Landslide_Precision,Landslide_Recall,mIoU,OA,TN,FP,FN,TP,pixel_counts_match_saved_csv
dominicamaria_s2_1004.nc,zero_shot,2026,0.0,0.0,0.0,0.0,0.5,1.0,16380,0,0,0,True
dominicamaria_s2_1004.nc,few_shot,2026,0.0,0.0,0.0,0.0,0.4991758241758242,0.9983516483516484,16353,27,0,0,True
dominicamaria_s2_1050.nc,zero_shot,2026,0.0,0.0,0.0,0.0,0.35823418910457105,0.7164683782091421,11442,0,4528,0,True
dominicamaria_s2_1050.nc,few_shot,2026,0.032157676348547715,0.062311557788944726,0.34675615212527966,0.034231448763250884,0.3685922747850864,0.7078897933625548,11150,292,4373,155,True
dominicamaria_s2_1068.nc,zero_shot,2026,0.0,0.0,0.0,0.0,0.4813920801759961,0.9627841603519922,15755,0,609,0,True
dominicamaria_s2_1068.nc,few_shot,2026,0.0,0.0,0.0,0.0,0.4813920801759961,0.9627841603519922,15755,0,609,0,True
dominicamaria_s2_1118.nc,zero_shot,2026,0.0,0.0,0.0,0.0,0.496124267578125,0.99224853515625,16257,0,127,0,True
dominicamaria_s2_1118.nc,few_shot,2026,0.0,0.0,0.0,0.0,0.496124267578125,0.99224853515625,16257,0,127,0,True
dominicamaria_s2_1120.nc,zero_shot,2026,0.0,0.0,0.0,0.0,0.49993890518084066,0.9998778103616813,16366,0,2,0,True
dominicamaria_s2_1120.nc,few_shot,2026,0.0,0.0,0.0,0.0,0.49993890518084066,0.9998778103616813,16366,0,2,0,True
dominicamaria_s2_1122.nc,zero_shot,2026,0.0,0.0,0.0,0.0,0.4984130859375,0.996826171875,16332,0,52,0,True
dominicamaria_s2_1122.nc,few_shot,2026,0.017857142857142856,0.03508771929824561,0.2,0.019230769230769232,0.5072500021799601,0.99664306640625,16328,4,51,1,True
dominicamaria_s2_1170.nc,zero_shot,2026,0.0,0.0,0.0,0.0,0.49050439667806545,0.9810087933561309,16065,0,311,0,True
dominicamaria_s2_1170.nc,few_shot,2026,0.017902813299232736,0.035175879396984924,0.08045977011494253,0.022508038585209004,0.497221917982013,0.9765510503175379,15985,80,304,7,True
dominicamaria_s2_1253.nc,zero_shot,2026,0.0,0.0,0.0,0.0,0.5,1.0,16384,0,0,0,True
dominicamaria_s2_1253.nc,few_shot,2026,0.0,0.0,0.0,0.0,0.5,1.0,16384,0,0,0,True
