Sample,TP,FP,FN,TN,IoU,F1,Precision,Recall,Positive_Ratio_%,Area_Group
image_1.h5,3,23,30,16328,0.05357142857142857,0.1016949152542373,0.11538461538461539,0.09090909090909091,0.201416015625,0-1%
image_2.h5,610,551,208,15015,0.44558071585098613,0.6164729661445174,0.5254091300602929,0.7457212713936431,4.99267578125,3-5%
image_3.h5,0,0,0,16384,0.0,0.0,0.0,0.0,0.0,0-1%
image_4.h5,547,191,681,14965,0.3854827343199436,0.5564598168870803,0.7411924119241192,0.44543973941368076,7.4951171875,>5%
image_5.h5,790,813,177,14604,0.4438202247191011,0.6147859922178989,0.4928259513412352,0.8169596690796277,5.902099609375,>5%
image_6.h5,216,200,250,15718,0.32432432432432434,0.4897959183673469,0.5192307692307693,0.463519313304721,2.84423828125,1-3%
image_7.h5,340,141,329,15574,0.41975308641975306,0.591304347826087,0.7068607068607069,0.5082212257100149,4.083251953125,3-5%
image_8.h5,15,32,296,16041,0.043731778425655975,0.08379888268156424,0.3191489361702128,0.04823151125401929,1.898193359375,1-3%
image_9.h5,0,66,2,16316,0.0,0.0,0.0,0.0,0.01220703125,0-1%
image_10.h5,0,0,13,16371,0.0,0.0,0.0,0.0,0.079345703125,0-1%
image_11.h5,371,341,255,15417,0.38366080661840746,0.554559043348281,0.5210674157303371,0.5926517571884984,3.82080078125,3-5%
image_12.h5,0,0,63,16321,0.0,0.0,0.0,0.0,0.384521484375,0-1%
image_13.h5,116,54,559,15655,0.15912208504801098,0.27455621301775146,0.6823529411764706,0.17185185185185184,4.119873046875,3-5%
image_14.h5,0,0,0,16384,0.0,0.0,0.0,0.0,0.0,0-1%
image_15.h5,285,267,130,15702,0.4178885630498534,0.5894519131334023,0.5163043478260869,0.6867469879518072,2.532958984375,1-3%
image_16.h5,0,0,2,16382,0.0,0.0,0.0,0.0,0.01220703125,0-1%
image_17.h5,1,1,97,16285,0.010101010101010102,0.02,0.5,0.01020408163265306,0.59814453125,0-1%
image_18.h5,0,0,27,16357,0.0,0.0,0.0,0.0,0.164794921875,0-1%
image_19.h5,0,0,0,16384,0.0,0.0,0.0,0.0,0.0,0-1%
image_20.h5,0,0,0,16384,0.0,0.0,0.0,0.0,0.0,0-1%
image_21.h5,0,0,0,16384,0.0,0.0,0.0,0.0,0.0,0-1%
image_22.h5,1376,1062,375,13571,0.48915748311411306,0.6569587013607067,0.5643970467596391,0.7858366647629925,10.687255859375,>5%
image_23.h5,168,258,108,15850,0.3146067415730337,0.47863247863247865,0.39436619718309857,0.6086956521739131,1.6845703125,1-3%
image_24.h5,2717,637,2371,10659,0.47458515283842795,0.6436863302534944,0.810077519379845,0.534001572327044,31.0546875,>5%
image_25.h5,2649,1315,404,12016,0.6064560439560439,0.75502351432236,0.6682643794147326,0.8676711431378972,18.634033203125,>5%
image_26.h5,37,58,252,16037,0.10662824207492795,0.19270833333333334,0.3894736842105263,0.12802768166089964,1.763916015625,1-3%
image_27.h5,306,116,354,15608,0.3943298969072165,0.5656192236598891,0.7251184834123223,0.4636363636363636,4.0283203125,3-5%
image_28.h5,307,272,199,15606,0.39460154241645246,0.5658986175115207,0.5302245250431779,0.6067193675889329,3.08837890625,3-5%
image_29.h5,14,162,42,16166,0.06422018348623854,0.1206896551724138,0.07954545454545454,0.25,0.341796875,0-1%
image_30.h5,38,7,16,16323,0.6229508196721312,0.7676767676767676,0.8444444444444444,0.7037037037037037,0.32958984375,0-1%
image_31.h5,1460,1041,384,13499,0.5060658578856152,0.6720368239355581,0.583766493402639,0.7917570498915402,11.2548828125,>5%
image_32.h5,0,0,0,16384,0.0,0.0,0.0,0.0,0.0,0-1%
image_33.h5,129,68,60,16127,0.5019455252918288,0.6683937823834197,0.6548223350253807,0.6825396825396826,1.153564453125,1-3%
image_34.h5,230,162,140,15852,0.4323308270676692,0.6036745406824147,0.5867346938775511,0.6216216216216216,2.25830078125,1-3%
image_35.h5,0,0,0,16384,0.0,0.0,0.0,0.0,0.0,0-1%
image_36.h5,468,576,14,15326,0.44234404536862004,0.6133682830930537,0.4482758620689655,0.970954356846473,2.94189453125,1-3%
image_37.h5,83,25,27,16249,0.6148148148148148,0.7614678899082569,0.7685185185185185,0.7545454545454545,0.67138671875,0-1%
image_38.h5,639,301,206,15238,0.5575916230366492,0.7159663865546219,0.6797872340425531,0.7562130177514793,5.157470703125,>5%
image_39.h5,0,0,0,16384,0.0,0.0,0.0,0.0,0.0,0-1%
image_40.h5,654,42,59,15629,0.866225165562914,0.9283179559971612,0.9396551724137931,0.9172510518934082,4.351806640625,3-5%
image_41.h5,2839,523,512,12510,0.7328342798141456,0.84582154029495,0.8444378346222486,0.8472097881229483,20.452880859375,>5%
image_42.h5,573,392,61,15358,0.5584795321637427,0.7166979362101313,0.5937823834196891,0.9037854889589906,3.86962890625,3-5%
image_43.h5,0,0,0,16384,0.0,0.0,0.0,0.0,0.0,0-1%
image_44.h5,0,0,0,16384,0.0,0.0,0.0,0.0,0.0,0-1%
image_45.h5,0,0,0,16384,0.0,0.0,0.0,0.0,0.0,0-1%
image_46.h5,16,3,73,16292,0.17391304347826086,0.2962962962962963,0.8421052631578947,0.1797752808988764,0.543212890625,0-1%
image_47.h5,0,0,0,16384,0.0,0.0,0.0,0.0,0.0,0-1%
image_48.h5,100,50,31,16203,0.5524861878453039,0.7117437722419929,0.6666666666666666,0.7633587786259542,0.799560546875,0-1%
image_49.h5,5,2,30,16347,0.13513513513513514,0.23809523809523808,0.7142857142857143,0.14285714285714285,0.213623046875,0-1%
image_50.h5,0,0,0,16384,0.0,0.0,0.0,0.0,0.0,0-1%
image_51.h5,12,121,14,16237,0.08163265306122448,0.1509433962264151,0.09022556390977443,0.46153846153846156,0.15869140625,0-1%
image_52.h5,32,133,7,16212,0.18604651162790697,0.3137254901960784,0.19393939393939394,0.8205128205128205,0.238037109375,0-1%
image_53.h5,110,173,179,15922,0.23809523809523808,0.38461538461538464,0.38869257950530034,0.3806228373702422,1.763916015625,1-3%
image_54.h5,0,0,5,16379,0.0,0.0,0.0,0.0,0.030517578125,0-1%
image_55.h5,1436,376,215,14357,0.7084361124814997,0.8293387236500145,0.7924944812362031,0.8697758933979406,10.076904296875,>5%
image_56.h5,6,61,40,16277,0.056074766355140186,0.10619469026548672,0.08955223880597014,0.13043478260869565,0.28076171875,0-1%
image_57.h5,4,0,25,16355,0.13793103448275862,0.24242424242424243,1.0,0.13793103448275862,0.177001953125,0-1%
image_58.h5,375,727,197,15085,0.28868360277136257,0.44802867383512546,0.34029038112522686,0.6555944055944056,3.4912109375,3-5%
image_59.h5,235,195,102,15852,0.4417293233082707,0.6127770534550195,0.5465116279069767,0.6973293768545994,2.056884765625,1-3%
image_60.h5,0,0,127,16257,0.0,0.0,0.0,0.0,0.775146484375,0-1%
image_61.h5,0,12,8,16364,0.0,0.0,0.0,0.0,0.048828125,0-1%
image_62.h5,4,11,49,16320,0.0625,0.11764705882352941,0.26666666666666666,0.07547169811320754,0.323486328125,0-1%
image_63.h5,0,0,31,16353,0.0,0.0,0.0,0.0,0.189208984375,0-1%
image_64.h5,56,94,2,16232,0.3684210526315789,0.5384615384615384,0.37333333333333335,0.9655172413793104,0.35400390625,0-1%
image_65.h5,135,73,149,16027,0.37815126050420167,0.5487804878048781,0.6490384615384616,0.4753521126760563,1.7333984375,1-3%
image_66.h5,463,623,113,15185,0.3861551292743953,0.5571600481347774,0.4263351749539595,0.8038194444444444,3.515625,3-5%
image_67.h5,0,0,0,16384,0.0,0.0,0.0,0.0,0.0,0-1%
image_68.h5,49,49,37,16249,0.362962962962963,0.532608695652174,0.5,0.5697674418604651,0.52490234375,0-1%
image_69.h5,0,0,0,16384,0.0,0.0,0.0,0.0,0.0,0-1%
image_70.h5,0,0,77,16307,0.0,0.0,0.0,0.0,0.469970703125,0-1%
image_71.h5,113,78,104,16089,0.38305084745762713,0.553921568627451,0.5916230366492147,0.5207373271889401,1.324462890625,1-3%
image_72.h5,147,21,84,16132,0.5833333333333334,0.7368421052631579,0.875,0.6363636363636364,1.409912109375,1-3%
image_73.h5,0,92,15,16277,0.0,0.0,0.0,0.0,0.091552734375,0-1%
image_74.h5,29,2,12,16341,0.6744186046511628,0.8055555555555556,0.9354838709677419,0.7073170731707317,0.250244140625,0-1%
image_75.h5,0,0,0,16384,0.0,0.0,0.0,0.0,0.0,0-1%
image_76.h5,0,0,30,16354,0.0,0.0,0.0,0.0,0.18310546875,0-1%
image_77.h5,73,27,67,16217,0.437125748502994,0.6083333333333333,0.73,0.5214285714285715,0.8544921875,0-1%
image_78.h5,38,0,105,16241,0.26573426573426573,0.4198895027624309,1.0,0.26573426573426573,0.872802734375,0-1%
image_79.h5,0,0,0,16384,0.0,0.0,0.0,0.0,0.0,0-1%
image_80.h5,0,228,52,16104,0.0,0.0,0.0,0.0,0.3173828125,0-1%
image_81.h5,0,0,0,16384,0.0,0.0,0.0,0.0,0.0,0-1%
image_82.h5,0,0,0,16384,0.0,0.0,0.0,0.0,0.0,0-1%
image_83.h5,0,103,8,16273,0.0,0.0,0.0,0.0,0.048828125,0-1%
image_84.h5,0,0,26,16358,0.0,0.0,0.0,0.0,0.15869140625,0-1%
image_85.h5,0,0,0,16384,0.0,0.0,0.0,0.0,0.0,0-1%
image_86.h5,0,0,0,16384,0.0,0.0,0.0,0.0,0.0,0-1%
image_87.h5,0,0,116,16268,0.0,0.0,0.0,0.0,0.7080078125,0-1%
image_88.h5,0,0,0,16384,0.0,0.0,0.0,0.0,0.0,0-1%
image_89.h5,0,0,0,16384,0.0,0.0,0.0,0.0,0.0,0-1%
image_90.h5,0,0,0,16384,0.0,0.0,0.0,0.0,0.0,0-1%
image_91.h5,0,0,62,16322,0.0,0.0,0.0,0.0,0.37841796875,0-1%
image_92.h5,53,2,92,16237,0.36054421768707484,0.53,0.9636363636363636,0.36551724137931035,0.885009765625,0-1%
image_93.h5,210,247,15,15912,0.4449152542372881,0.6158357771260997,0.45951859956236324,0.9333333333333333,1.373291015625,1-3%
image_94.h5,0,0,0,16384,0.0,0.0,0.0,0.0,0.0,0-1%
image_95.h5,1522,1069,69,13724,0.5721804511278196,0.7278813964610235,0.5874179853338479,0.9566310496543055,9.710693359375,>5%
image_96.h5,308,357,28,15691,0.4444444444444444,0.6153846153846154,0.4631578947368421,0.9166666666666666,2.05078125,1-3%
image_97.h5,0,0,0,16384,0.0,0.0,0.0,0.0,0.0,0-1%
image_98.h5,0,0,0,16384,0.0,0.0,0.0,0.0,0.0,0-1%
image_99.h5,254,145,69,15916,0.5427350427350427,0.703601108033241,0.6365914786967418,0.7863777089783281,1.971435546875,1-3%
image_100.h5,0,0,0,16384,0.0,0.0,0.0,0.0,0.0,0-1%
image_101.h5,0,0,0,16384,0.0,0.0,0.0,0.0,0.0,0-1%
image_102.h5,0,0,0,16384,0.0,0.0,0.0,0.0,0.0,0-1%
image_103.h5,0,0,0,16384,0.0,0.0,0.0,0.0,0.0,0-1%
image_104.h5,13,0,33,16338,0.2826086956521739,0.4406779661016949,1.0,0.2826086956521739,0.28076171875,0-1%
image_105.h5,224,220,135,15805,0.38687392055267705,0.5579078455790785,0.5045045045045045,0.6239554317548747,2.191162109375,1-3%
image_106.h5,0,0,0,16384,0.0,0.0,0.0,0.0,0.0,0-1%
image_107.h5,0,0,0,16384,0.0,0.0,0.0,0.0,0.0,0-1%
image_108.h5,0,0,55,16329,0.0,0.0,0.0,0.0,0.335693359375,0-1%
image_109.h5,105,11,54,16214,0.6176470588235294,0.7636363636363637,0.9051724137931034,0.660377358490566,0.970458984375,0-1%
image_110.h5,0,64,0,16320,0.0,0.0,0.0,0.0,0.0,0-1%
image_111.h5,14,19,38,16313,0.19718309859154928,0.32941176470588235,0.42424242424242425,0.2692307692307692,0.3173828125,0-1%
image_112.h5,0,0,0,16384,0.0,0.0,0.0,0.0,0.0,0-1%
image_113.h5,0,0,0,16384,0.0,0.0,0.0,0.0,0.0,0-1%
image_114.h5,8,2,67,16307,0.1038961038961039,0.18823529411764706,0.8,0.10666666666666667,0.457763671875,0-1%
image_115.h5,0,0,0,16384,0.0,0.0,0.0,0.0,0.0,0-1%
image_116.h5,72,54,487,15771,0.11745513866231648,0.21021897810218979,0.5714285714285714,0.12880143112701253,3.411865234375,3-5%
image_117.h5,153,333,137,15761,0.24558587479935795,0.3943298969072165,0.3148148148148148,0.5275862068965518,1.77001953125,1-3%
image_118.h5,0,0,0,16384,0.0,0.0,0.0,0.0,0.0,0-1%
image_119.h5,0,0,41,16343,0.0,0.0,0.0,0.0,0.250244140625,0-1%
image_120.h5,0,0,7,16377,0.0,0.0,0.0,0.0,0.042724609375,0-1%
image_121.h5,185,89,109,16001,0.4830287206266319,0.6514084507042254,0.6751824817518248,0.6292517006802721,1.79443359375,1-3%
image_122.h5,119,4,220,16041,0.3469387755102041,0.5151515151515151,0.967479674796748,0.35103244837758113,2.069091796875,1-3%
image_123.h5,0,0,0,16384,0.0,0.0,0.0,0.0,0.0,0-1%
image_124.h5,0,0,0,16384,0.0,0.0,0.0,0.0,0.0,0-1%
image_125.h5,8,16,90,16270,0.07017543859649122,0.13114754098360656,0.3333333333333333,0.08163265306122448,0.59814453125,0-1%
image_126.h5,0,0,0,16384,0.0,0.0,0.0,0.0,0.0,0-1%
image_127.h5,45,8,43,16288,0.46875,0.6382978723404256,0.8490566037735849,0.5113636363636364,0.537109375,0-1%
image_128.h5,113,690,91,15490,0.12639821029082773,0.22442899702085403,0.14072229140722292,0.553921568627451,1.2451171875,1-3%
image_129.h5,302,78,31,15973,0.7347931873479319,0.847124824684432,0.7947368421052632,0.9069069069069069,2.032470703125,1-3%
image_130.h5,24,0,634,15726,0.0364741641337386,0.07038123167155426,1.0,0.0364741641337386,4.01611328125,3-5%
image_131.h5,0,0,0,16384,0.0,0.0,0.0,0.0,0.0,0-1%
image_132.h5,882,280,204,15018,0.6456808199121523,0.7846975088967971,0.7590361445783133,0.8121546961325967,6.62841796875,>5%
image_133.h5,0,0,0,16384,0.0,0.0,0.0,0.0,0.0,0-1%
image_134.h5,0,0,0,16384,0.0,0.0,0.0,0.0,0.0,0-1%
image_135.h5,164,68,18,16134,0.656,0.7922705314009661,0.7068965517241379,0.9010989010989011,1.11083984375,1-3%
image_136.h5,0,0,0,16384,0.0,0.0,0.0,0.0,0.0,0-1%
image_137.h5,133,8,46,16197,0.7112299465240641,0.83125,0.9432624113475178,0.7430167597765364,1.092529296875,1-3%
image_138.h5,0,0,0,16384,0.0,0.0,0.0,0.0,0.0,0-1%
image_139.h5,0,0,67,16317,0.0,0.0,0.0,0.0,0.408935546875,0-1%
image_140.h5,0,0,95,16289,0.0,0.0,0.0,0.0,0.579833984375,0-1%
image_141.h5,0,0,0,16384,0.0,0.0,0.0,0.0,0.0,0-1%
image_142.h5,0,0,0,16384,0.0,0.0,0.0,0.0,0.0,0-1%
image_143.h5,0,0,66,16318,0.0,0.0,0.0,0.0,0.40283203125,0-1%
image_144.h5,0,0,0,16384,0.0,0.0,0.0,0.0,0.0,0-1%
image_145.h5,560,270,115,15439,0.5925925925925926,0.7441860465116279,0.6746987951807228,0.8296296296296296,4.119873046875,3-5%
image_146.h5,449,163,217,15555,0.5416164053075995,0.702660406885759,0.7336601307189542,0.6741741741741741,4.06494140625,3-5%
image_147.h5,0,0,14,16370,0.0,0.0,0.0,0.0,0.08544921875,0-1%
image_148.h5,0,0,0,16384,0.0,0.0,0.0,0.0,0.0,0-1%
image_149.h5,725,292,42,15325,0.6846081208687441,0.8127802690582959,0.7128810226155359,0.9452411994784876,4.681396484375,3-5%
image_150.h5,0,0,0,16384,0.0,0.0,0.0,0.0,0.0,0-1%
image_151.h5,439,1243,41,14661,0.2547881601857226,0.4061054579093432,0.2609988109393579,0.9145833333333333,2.9296875,1-3%
image_152.h5,1836,76,472,14000,0.7701342281879194,0.8701421800947867,0.9602510460251046,0.7954939341421143,14.0869140625,>5%
image_153.h5,0,0,0,16384,0.0,0.0,0.0,0.0,0.0,0-1%
image_154.h5,1620,456,167,14141,0.722246990637539,0.838726378462335,0.7803468208092486,0.906547285954113,10.906982421875,>5%
image_155.h5,188,62,162,15972,0.4563106796116505,0.6266666666666667,0.752,0.5371428571428571,2.13623046875,1-3%
image_156.h5,194,7,75,16108,0.7028985507246377,0.825531914893617,0.9651741293532339,0.7211895910780669,1.641845703125,1-3%
image_157.h5,87,146,21,16130,0.3425196850393701,0.5102639296187683,0.37339055793991416,0.8055555555555556,0.6591796875,0-1%
image_158.h5,0,0,40,16344,0.0,0.0,0.0,0.0,0.244140625,0-1%
image_159.h5,233,38,77,16036,0.6695402298850575,0.802065404475043,0.8597785977859779,0.7516129032258064,1.89208984375,1-3%
image_160.h5,82,2,117,16183,0.4079601990049751,0.5795053003533569,0.9761904761904762,0.4120603015075377,1.214599609375,1-3%
image_161.h5,0,0,0,16384,0.0,0.0,0.0,0.0,0.0,0-1%
image_162.h5,545,486,44,15309,0.5069767441860465,0.6728395061728395,0.5286129970902037,0.9252971137521222,3.594970703125,3-5%
image_163.h5,313,325,223,15523,0.3635307781649245,0.5332197614991482,0.49059561128526646,0.5839552238805971,3.271484375,3-5%
image_164.h5,20,7,44,16313,0.28169014084507044,0.43956043956043955,0.7407407407407407,0.3125,0.390625,0-1%
image_165.h5,1903,379,50,14052,0.8160377358490566,0.8987012987012987,0.8339176161262051,0.9743983614951357,11.920166015625,>5%
image_166.h5,0,102,0,16282,0.0,0.0,0.0,0.0,0.0,0-1%
image_167.h5,0,0,26,16358,0.0,0.0,0.0,0.0,0.15869140625,0-1%
image_168.h5,0,0,0,16384,0.0,0.0,0.0,0.0,0.0,0-1%
image_169.h5,0,0,25,16359,0.0,0.0,0.0,0.0,0.152587890625,0-1%
image_170.h5,0,0,41,16343,0.0,0.0,0.0,0.0,0.250244140625,0-1%
image_171.h5,793,149,99,15343,0.7617675312199808,0.8647764449291166,0.8418259023354565,0.8890134529147982,5.4443359375,>5%
image_172.h5,123,239,40,15982,0.30597014925373134,0.4685714285714286,0.3397790055248619,0.754601226993865,0.994873046875,0-1%
image_173.h5,26,20,102,16236,0.17567567567567569,0.2988505747126437,0.5652173913043478,0.203125,0.78125,0-1%
image_174.h5,614,317,496,14957,0.43027330063069374,0.6016658500734934,0.6595059076262084,0.5531531531531532,6.77490234375,>5%
image_175.h5,0,0,0,16384,0.0,0.0,0.0,0.0,0.0,0-1%
image_176.h5,0,0,0,16384,0.0,0.0,0.0,0.0,0.0,0-1%
image_177.h5,0,0,0,16384,0.0,0.0,0.0,0.0,0.0,0-1%
image_178.h5,0,0,0,16384,0.0,0.0,0.0,0.0,0.0,0-1%
image_179.h5,0,0,10,16374,0.0,0.0,0.0,0.0,0.06103515625,0-1%
image_180.h5,0,255,0,16129,0.0,0.0,0.0,0.0,0.0,0-1%
image_181.h5,58,14,16,16296,0.6590909090909091,0.7945205479452054,0.8055555555555556,0.7837837837837838,0.45166015625,0-1%
image_182.h5,0,0,0,16384,0.0,0.0,0.0,0.0,0.0,0-1%
image_183.h5,40,42,19,16283,0.39603960396039606,0.5673758865248227,0.4878048780487805,0.6779661016949152,0.360107421875,0-1%
image_184.h5,298,180,4,15902,0.6182572614107884,0.764102564102564,0.6234309623430963,0.9867549668874173,1.84326171875,1-3%
image_185.h5,357,267,50,15710,0.5296735905044511,0.6925315227934045,0.5721153846153846,0.8771498771498771,2.484130859375,1-3%
image_186.h5,0,39,77,16268,0.0,0.0,0.0,0.0,0.469970703125,0-1%
image_187.h5,0,4,8,16372,0.0,0.0,0.0,0.0,0.048828125,0-1%
image_188.h5,816,344,291,14933,0.5623707787732598,0.7198941332157036,0.7034482758620689,0.7371273712737128,6.756591796875,>5%
image_189.h5,4862,1009,112,10401,0.812635801437406,0.8966343937298294,0.8281383069323794,0.9774829111379172,30.35888671875,>5%
image_190.h5,38,0,431,15915,0.08102345415778252,0.14990138067061143,1.0,0.08102345415778252,2.862548828125,1-3%
image_191.h5,0,0,0,16384,0.0,0.0,0.0,0.0,0.0,0-1%
image_192.h5,791,190,230,15173,0.653179190751445,0.7902097902097902,0.8063200815494393,0.7747306562193927,6.231689453125,>5%
image_193.h5,0,441,0,15943,0.0,0.0,0.0,0.0,0.0,0-1%
image_194.h5,2259,358,193,13574,0.803914590747331,0.8913000591832708,0.8632021398547955,0.9212887438825449,14.9658203125,>5%
image_195.h5,484,301,791,14808,0.30710659898477155,0.46990291262135925,0.6165605095541401,0.3796078431372549,7.781982421875,>5%
image_196.h5,852,319,34,15179,0.7070539419087137,0.828390860476422,0.7275832621690862,0.9616252821670429,5.40771484375,>5%
image_197.h5,0,0,0,16384,0.0,0.0,0.0,0.0,0.0,0-1%
image_198.h5,0,0,40,16344,0.0,0.0,0.0,0.0,0.244140625,0-1%
image_199.h5,2616,2110,44,11614,0.5484276729559748,0.7083671811535337,0.5535336436732966,0.9834586466165414,16.2353515625,>5%
image_200.h5,0,0,0,16384,0.0,0.0,0.0,0.0,0.0,0-1%
image_201.h5,0,0,37,16347,0.0,0.0,0.0,0.0,0.225830078125,0-1%
image_202.h5,0,0,0,16384,0.0,0.0,0.0,0.0,0.0,0-1%
image_203.h5,1154,221,278,14731,0.6981246218995766,0.8222301389383684,0.8392727272727273,0.8058659217877095,8.740234375,>5%
image_204.h5,0,0,0,16384,0.0,0.0,0.0,0.0,0.0,0-1%
image_205.h5,327,206,40,15811,0.5706806282722513,0.7266666666666667,0.6135084427767354,0.8910081743869209,2.239990234375,1-3%
image_206.h5,0,0,0,16384,0.0,0.0,0.0,0.0,0.0,0-1%
image_207.h5,0,95,0,16289,0.0,0.0,0.0,0.0,0.0,0-1%
image_208.h5,0,0,0,16384,0.0,0.0,0.0,0.0,0.0,0-1%
image_209.h5,83,96,187,16018,0.226775956284153,0.36971046770601335,0.46368715083798884,0.3074074074074074,1.64794921875,1-3%
image_210.h5,33,0,28,16323,0.5409836065573771,0.7021276595744681,1.0,0.5409836065573771,0.372314453125,0-1%
image_211.h5,15,5,88,16276,0.1388888888888889,0.24390243902439024,0.75,0.14563106796116504,0.628662109375,0-1%
image_212.h5,0,0,0,16384,0.0,0.0,0.0,0.0,0.0,0-1%
image_213.h5,0,399,37,15948,0.0,0.0,0.0,0.0,0.225830078125,0-1%
image_214.h5,0,174,0,16210,0.0,0.0,0.0,0.0,0.0,0-1%
image_215.h5,0,0,0,16384,0.0,0.0,0.0,0.0,0.0,0-1%
image_216.h5,0,60,0,16324,0.0,0.0,0.0,0.0,0.0,0-1%
image_217.h5,0,0,0,16384,0.0,0.0,0.0,0.0,0.0,0-1%
image_218.h5,568,2685,26,13105,0.17322354376334248,0.2952950350922797,0.1746080541039041,0.9562289562289562,3.62548828125,3-5%
image_219.h5,13,13,0,16358,0.5,0.6666666666666666,0.5,1.0,0.079345703125,0-1%
image_220.h5,0,0,28,16356,0.0,0.0,0.0,0.0,0.1708984375,0-1%
image_221.h5,281,249,68,15786,0.4698996655518395,0.6393629124004551,0.530188679245283,0.8051575931232091,2.130126953125,1-3%
image_222.h5,0,0,58,16326,0.0,0.0,0.0,0.0,0.35400390625,0-1%
image_223.h5,168,219,82,15915,0.3582089552238806,0.5274725274725275,0.43410852713178294,0.672,1.52587890625,1-3%
image_224.h5,0,1,0,16383,0.0,0.0,0.0,0.0,0.0,0-1%
image_225.h5,0,0,0,16384,0.0,0.0,0.0,0.0,0.0,0-1%
image_226.h5,33,238,165,15948,0.07568807339449542,0.14072494669509594,0.12177121771217712,0.16666666666666666,1.20849609375,1-3%
image_227.h5,0,0,0,16384,0.0,0.0,0.0,0.0,0.0,0-1%
image_228.h5,0,0,166,16218,0.0,0.0,0.0,0.0,1.01318359375,1-3%
image_229.h5,161,96,79,16048,0.4791666666666667,0.647887323943662,0.6264591439688716,0.6708333333333333,1.46484375,1-3%
image_230.h5,382,326,13,15663,0.5298196948682385,0.6926563916591115,0.53954802259887,0.9670886075949368,2.410888671875,1-3%
image_231.h5,61,185,9,16129,0.23921568627450981,0.3860759493670886,0.24796747967479674,0.8714285714285714,0.42724609375,0-1%
image_232.h5,30,6,29,16319,0.46153846153846156,0.631578947368421,0.8333333333333334,0.5084745762711864,0.360107421875,0-1%
image_233.h5,0,0,8,16376,0.0,0.0,0.0,0.0,0.048828125,0-1%
image_234.h5,4,0,70,16310,0.05405405405405406,0.10256410256410256,1.0,0.05405405405405406,0.45166015625,0-1%
image_235.h5,204,72,11,16097,0.710801393728223,0.8309572301425662,0.7391304347826086,0.9488372093023256,1.312255859375,1-3%
image_236.h5,0,0,0,16384,0.0,0.0,0.0,0.0,0.0,0-1%
image_237.h5,149,34,107,16094,0.5137931034482759,0.6788154897494305,0.8142076502732241,0.58203125,1.5625,1-3%
image_238.h5,0,0,0,16384,0.0,0.0,0.0,0.0,0.0,0-1%
image_239.h5,0,1,139,16244,0.0,0.0,0.0,0.0,0.848388671875,0-1%
image_240.h5,202,76,83,16023,0.5595567867036011,0.7175843694493783,0.7266187050359713,0.7087719298245614,1.739501953125,1-3%
image_241.h5,422,175,21,15766,0.6828478964401294,0.8115384615384615,0.7068676716917923,0.9525959367945824,2.703857421875,1-3%
image_242.h5,0,0,0,16384,0.0,0.0,0.0,0.0,0.0,0-1%
image_243.h5,0,0,0,16384,0.0,0.0,0.0,0.0,0.0,0-1%
image_244.h5,26,0,43,16315,0.37681159420289856,0.5473684210526316,1.0,0.37681159420289856,0.421142578125,0-1%
image_245.h5,3,4,135,16242,0.02112676056338028,0.041379310344827586,0.42857142857142855,0.021739130434782608,0.84228515625,0-1%
image_246.h5,0,0,8,16376,0.0,0.0,0.0,0.0,0.048828125,0-1%
image_247.h5,192,88,89,16015,0.5203252032520326,0.6844919786096256,0.6857142857142857,0.6832740213523132,1.715087890625,1-3%
image_248.h5,1,0,87,16296,0.011363636363636364,0.02247191011235955,1.0,0.011363636363636364,0.537109375,0-1%
image_249.h5,0,0,0,16384,0.0,0.0,0.0,0.0,0.0,0-1%
image_250.h5,0,144,0,16240,0.0,0.0,0.0,0.0,0.0,0-1%
image_251.h5,17,17,27,16323,0.2786885245901639,0.4358974358974359,0.5,0.38636363636363635,0.2685546875,0-1%
image_252.h5,0,0,0,16384,0.0,0.0,0.0,0.0,0.0,0-1%
image_253.h5,0,0,0,16384,0.0,0.0,0.0,0.0,0.0,0-1%
image_254.h5,0,0,156,16228,0.0,0.0,0.0,0.0,0.9521484375,0-1%
image_255.h5,0,0,89,16295,0.0,0.0,0.0,0.0,0.543212890625,0-1%
image_256.h5,0,0,0,16384,0.0,0.0,0.0,0.0,0.0,0-1%
image_257.h5,89,42,71,16182,0.4405940594059406,0.6116838487972509,0.6793893129770993,0.55625,0.9765625,0-1%
image_258.h5,0,0,0,16384,0.0,0.0,0.0,0.0,0.0,0-1%
image_259.h5,0,8,0,16376,0.0,0.0,0.0,0.0,0.0,0-1%
image_260.h5,0,0,0,16384,0.0,0.0,0.0,0.0,0.0,0-1%
image_261.h5,27,93,36,16228,0.17307692307692307,0.29508196721311475,0.225,0.42857142857142855,0.384521484375,0-1%
image_262.h5,0,0,123,16261,0.0,0.0,0.0,0.0,0.750732421875,0-1%
image_263.h5,0,9,13,16362,0.0,0.0,0.0,0.0,0.079345703125,0-1%
image_264.h5,363,254,87,15680,0.515625,0.6804123711340206,0.5883306320907618,0.8066666666666666,2.74658203125,1-3%
image_265.h5,0,0,0,16384,0.0,0.0,0.0,0.0,0.0,0-1%
image_266.h5,0,0,0,16384,0.0,0.0,0.0,0.0,0.0,0-1%
image_267.h5,435,150,81,15718,0.6531531531531531,0.7901907356948229,0.7435897435897436,0.8430232558139535,3.1494140625,3-5%
image_268.h5,281,140,173,15790,0.4730639730639731,0.6422857142857142,0.667458432304038,0.6189427312775331,2.77099609375,1-3%
image_269.h5,1284,672,31,14397,0.6462003019627579,0.7850810149801284,0.656441717791411,0.976425855513308,8.026123046875,>5%
image_270.h5,0,0,61,16323,0.0,0.0,0.0,0.0,0.372314453125,0-1%
image_271.h5,488,208,98,15590,0.6146095717884131,0.7613104524180967,0.7011494252873564,0.8327645051194539,3.57666015625,3-5%
image_272.h5,417,185,102,15680,0.5923295454545454,0.743978590544157,0.6926910299003323,0.8034682080924855,3.167724609375,3-5%
image_273.h5,0,0,0,16384,0.0,0.0,0.0,0.0,0.0,0-1%
image_274.h5,9,0,46,16329,0.16363636363636364,0.28125,1.0,0.16363636363636364,0.335693359375,0-1%
image_275.h5,0,0,95,16289,0.0,0.0,0.0,0.0,0.579833984375,0-1%
image_276.h5,0,0,43,16341,0.0,0.0,0.0,0.0,0.262451171875,0-1%
image_277.h5,48,168,38,16130,0.1889763779527559,0.31788079470198677,0.2222222222222222,0.5581395348837209,0.52490234375,0-1%
image_278.h5,50,16,31,16287,0.5154639175257731,0.6802721088435374,0.7575757575757576,0.6172839506172839,0.494384765625,0-1%
image_279.h5,0,0,4,16380,0.0,0.0,0.0,0.0,0.0244140625,0-1%
image_280.h5,0,0,17,16367,0.0,0.0,0.0,0.0,0.103759765625,0-1%
image_281.h5,0,0,52,16332,0.0,0.0,0.0,0.0,0.3173828125,0-1%
image_282.h5,0,0,0,16384,0.0,0.0,0.0,0.0,0.0,0-1%
image_283.h5,235,131,17,16001,0.6135770234986945,0.7605177993527508,0.6420765027322405,0.9325396825396826,1.5380859375,1-3%
image_284.h5,0,0,0,16384,0.0,0.0,0.0,0.0,0.0,0-1%
image_285.h5,0,17,0,16367,0.0,0.0,0.0,0.0,0.0,0-1%
image_286.h5,0,0,0,16384,0.0,0.0,0.0,0.0,0.0,0-1%
image_287.h5,759,278,143,15204,0.6432203389830509,0.7828777720474471,0.7319189971070396,0.8414634146341463,5.50537109375,>5%
image_288.h5,0,0,0,16384,0.0,0.0,0.0,0.0,0.0,0-1%
image_289.h5,0,0,0,16384,0.0,0.0,0.0,0.0,0.0,0-1%
image_290.h5,47,21,151,16165,0.2146118721461187,0.3533834586466165,0.6911764705882353,0.23737373737373738,1.20849609375,1-3%
image_291.h5,107,63,51,16163,0.4841628959276018,0.6524390243902439,0.6294117647058823,0.6772151898734177,0.96435546875,0-1%
image_292.h5,0,0,0,16384,0.0,0.0,0.0,0.0,0.0,0-1%
image_293.h5,0,0,0,16384,0.0,0.0,0.0,0.0,0.0,0-1%
image_294.h5,31,23,268,16062,0.09627329192546584,0.17563739376770537,0.5740740740740741,0.10367892976588629,1.824951171875,1-3%
image_295.h5,0,0,23,16361,0.0,0.0,0.0,0.0,0.140380859375,0-1%
image_296.h5,0,0,22,16362,0.0,0.0,0.0,0.0,0.13427734375,0-1%
image_297.h5,0,61,27,16296,0.0,0.0,0.0,0.0,0.164794921875,0-1%
image_298.h5,0,0,71,16313,0.0,0.0,0.0,0.0,0.433349609375,0-1%
image_299.h5,0,0,0,16384,0.0,0.0,0.0,0.0,0.0,0-1%
image_300.h5,0,311,43,16030,0.0,0.0,0.0,0.0,0.262451171875,0-1%
image_301.h5,418,304,69,15593,0.5284450063211125,0.6914805624483044,0.5789473684210527,0.8583162217659137,2.972412109375,1-3%
image_302.h5,0,0,0,16384,0.0,0.0,0.0,0.0,0.0,0-1%
image_303.h5,2,0,79,16303,0.024691358024691357,0.04819277108433735,1.0,0.024691358024691357,0.494384765625,0-1%
image_304.h5,144,20,77,16143,0.5975103734439834,0.7480519480519481,0.8780487804878049,0.6515837104072398,1.348876953125,1-3%
image_305.h5,0,6,0,16378,0.0,0.0,0.0,0.0,0.0,0-1%
image_306.h5,420,401,10,15553,0.5054151624548736,0.6714628297362111,0.5115712545676004,0.9767441860465116,2.62451171875,1-3%
image_307.h5,398,123,163,15700,0.5818713450292398,0.7356746765249538,0.763915547024952,0.7094474153297683,3.424072265625,3-5%
image_308.h5,0,31,0,16353,0.0,0.0,0.0,0.0,0.0,0-1%
image_309.h5,0,0,0,16384,0.0,0.0,0.0,0.0,0.0,0-1%
image_310.h5,0,0,0,16384,0.0,0.0,0.0,0.0,0.0,0-1%
image_311.h5,650,398,73,15263,0.5798394290811775,0.7340485601355167,0.6202290076335878,0.8990318118948825,4.412841796875,3-5%
image_312.h5,0,33,42,16309,0.0,0.0,0.0,0.0,0.25634765625,0-1%
image_313.h5,1581,696,78,14029,0.6713375796178344,0.8033536585365854,0.69433465085639,0.9529837251356239,10.125732421875,>5%
image_314.h5,44,15,46,16279,0.41904761904761906,0.5906040268456376,0.7457627118644068,0.4888888888888889,0.54931640625,0-1%
image_315.h5,520,20,424,15420,0.5394190871369294,0.7008086253369272,0.9629629629629629,0.5508474576271186,5.76171875,>5%
image_316.h5,521,58,94,15711,0.774145616641902,0.8726968174204355,0.8998272884283247,0.8471544715447155,3.753662109375,3-5%
image_317.h5,0,0,0,16384,0.0,0.0,0.0,0.0,0.0,0-1%
image_318.h5,26,641,5,15712,0.03869047619047619,0.07449856733524356,0.038980509745127435,0.8387096774193549,0.189208984375,0-1%
image_319.h5,6,5,173,16200,0.03260869565217391,0.06315789473684211,0.5454545454545454,0.0335195530726257,1.092529296875,1-3%
image_320.h5,39,0,156,16189,0.2,0.3333333333333333,1.0,0.2,1.190185546875,1-3%
image_321.h5,0,24,1,16359,0.0,0.0,0.0,0.0,0.006103515625,0-1%
image_322.h5,0,0,0,16384,0.0,0.0,0.0,0.0,0.0,0-1%
image_323.h5,191,20,140,16033,0.5441595441595442,0.7047970479704797,0.9052132701421801,0.5770392749244713,2.020263671875,1-3%
image_324.h5,210,178,266,15730,0.3211009174311927,0.4861111111111111,0.5412371134020618,0.4411764705882353,2.9052734375,1-3%
image_325.h5,51,449,34,15850,0.09550561797752809,0.17435897435897435,0.102,0.6,0.518798828125,0-1%
image_326.h5,0,11,0,16373,0.0,0.0,0.0,0.0,0.0,0-1%
image_327.h5,0,0,17,16367,0.0,0.0,0.0,0.0,0.103759765625,0-1%
image_328.h5,0,0,94,16290,0.0,0.0,0.0,0.0,0.57373046875,0-1%
image_329.h5,0,0,0,16384,0.0,0.0,0.0,0.0,0.0,0-1%
image_330.h5,0,0,0,16384,0.0,0.0,0.0,0.0,0.0,0-1%
image_331.h5,0,0,0,16384,0.0,0.0,0.0,0.0,0.0,0-1%
image_332.h5,5889,123,5649,4723,0.5050167224080268,0.6711111111111111,0.9795409181636726,0.5104004160166407,70.42236328125,>5%
image_333.h5,162,34,15,16173,0.7677725118483413,0.868632707774799,0.826530612244898,0.9152542372881356,1.080322265625,1-3%
image_334.h5,327,246,37,15774,0.5360655737704918,0.6979722518676628,0.5706806282722513,0.8983516483516484,2.2216796875,1-3%
image_335.h5,0,0,119,16265,0.0,0.0,0.0,0.0,0.726318359375,0-1%
image_336.h5,3069,1682,150,11483,0.6261987349520506,0.770138017565872,0.6459692696274468,0.9534016775396086,19.647216796875,>5%
image_337.h5,0,0,0,16384,0.0,0.0,0.0,0.0,0.0,0-1%
image_338.h5,0,0,0,16384,0.0,0.0,0.0,0.0,0.0,0-1%
image_339.h5,0,0,0,16384,0.0,0.0,0.0,0.0,0.0,0-1%
image_340.h5,0,0,20,16364,0.0,0.0,0.0,0.0,0.1220703125,0-1%
image_341.h5,0,0,210,16174,0.0,0.0,0.0,0.0,1.28173828125,1-3%
image_342.h5,354,53,106,15871,0.6900584795321637,0.8166089965397924,0.8697788697788698,0.7695652173913043,2.8076171875,1-3%
image_343.h5,0,0,0,16384,0.0,0.0,0.0,0.0,0.0,0-1%
image_344.h5,196,28,89,16071,0.6261980830670927,0.7701375245579568,0.875,0.6877192982456141,1.739501953125,1-3%
image_345.h5,0,0,43,16341,0.0,0.0,0.0,0.0,0.262451171875,0-1%
image_346.h5,0,2,0,16382,0.0,0.0,0.0,0.0,0.0,0-1%
image_347.h5,0,0,91,16293,0.0,0.0,0.0,0.0,0.555419921875,0-1%
image_348.h5,0,0,0,16384,0.0,0.0,0.0,0.0,0.0,0-1%
image_349.h5,149,17,40,16178,0.7233009708737864,0.8394366197183099,0.8975903614457831,0.7883597883597884,1.153564453125,1-3%
image_350.h5,0,0,0,16384,0.0,0.0,0.0,0.0,0.0,0-1%
image_351.h5,0,0,54,16330,0.0,0.0,0.0,0.0,0.32958984375,0-1%
image_352.h5,0,0,242,16142,0.0,0.0,0.0,0.0,1.47705078125,1-3%
image_353.h5,13,0,55,16316,0.19117647058823528,0.32098765432098764,1.0,0.19117647058823528,0.4150390625,0-1%
image_354.h5,0,0,0,16384,0.0,0.0,0.0,0.0,0.0,0-1%
image_355.h5,0,0,0,16384,0.0,0.0,0.0,0.0,0.0,0-1%
image_356.h5,0,22,0,16362,0.0,0.0,0.0,0.0,0.0,0-1%
image_357.h5,0,0,18,16366,0.0,0.0,0.0,0.0,0.10986328125,0-1%
image_358.h5,0,0,83,16301,0.0,0.0,0.0,0.0,0.506591796875,0-1%
image_359.h5,78,30,61,16215,0.46153846153846156,0.631578947368421,0.7222222222222222,0.5611510791366906,0.848388671875,0-1%
image_360.h5,47,0,59,16278,0.44339622641509435,0.6143790849673203,1.0,0.44339622641509435,0.64697265625,0-1%
image_361.h5,0,0,0,16384,0.0,0.0,0.0,0.0,0.0,0-1%
image_362.h5,4107,1920,399,9958,0.6391223155929038,0.7798348048988892,0.6814335490293678,0.9114513981358189,27.50244140625,>5%
image_363.h5,16,25,54,16289,0.16842105263157894,0.2882882882882883,0.3902439024390244,0.22857142857142856,0.42724609375,0-1%
image_364.h5,441,1080,331,14532,0.2381209503239741,0.38464893153074575,0.28994082840236685,0.5712435233160622,4.7119140625,3-5%
image_365.h5,221,305,26,15832,0.4003623188405797,0.5717981888745148,0.42015209125475284,0.8947368421052632,1.507568359375,1-3%
image_366.h5,228,122,75,15959,0.5364705882352941,0.6983154670750383,0.6514285714285715,0.7524752475247525,1.849365234375,1-3%
image_367.h5,58,8,187,16131,0.22924901185770752,0.3729903536977492,0.8787878787878788,0.23673469387755103,1.495361328125,1-3%
image_368.h5,0,0,0,16384,0.0,0.0,0.0,0.0,0.0,0-1%
image_369.h5,0,0,0,16384,0.0,0.0,0.0,0.0,0.0,0-1%
image_370.h5,0,0,0,16384,0.0,0.0,0.0,0.0,0.0,0-1%
image_371.h5,0,0,0,16384,0.0,0.0,0.0,0.0,0.0,0-1%
image_372.h5,0,13,19,16352,0.0,0.0,0.0,0.0,0.115966796875,0-1%
image_373.h5,22,0,157,16205,0.12290502793296089,0.21890547263681592,1.0,0.12290502793296089,1.092529296875,1-3%
image_374.h5,0,0,0,16384,0.0,0.0,0.0,0.0,0.0,0-1%
image_375.h5,0,9,0,16375,0.0,0.0,0.0,0.0,0.0,0-1%
image_376.h5,119,6,45,16214,0.7,0.8235294117647058,0.952,0.725609756097561,1.0009765625,1-3%
image_377.h5,0,0,0,16384,0.0,0.0,0.0,0.0,0.0,0-1%
image_378.h5,0,0,0,16384,0.0,0.0,0.0,0.0,0.0,0-1%
image_379.h5,502,114,138,15630,0.6657824933687002,0.7993630573248408,0.814935064935065,0.784375,3.90625,3-5%
image_380.h5,5,7,15,16357,0.18518518518518517,0.3125,0.4166666666666667,0.25,0.1220703125,0-1%
image_381.h5,150,95,53,16086,0.5033557046979866,0.6696428571428571,0.6122448979591837,0.7389162561576355,1.239013671875,1-3%
image_382.h5,92,11,55,16226,0.5822784810126582,0.736,0.8932038834951457,0.6258503401360545,0.897216796875,0-1%
image_383.h5,0,0,0,16384,0.0,0.0,0.0,0.0,0.0,0-1%
image_384.h5,64,55,33,16232,0.42105263157894735,0.5925925925925926,0.5378151260504201,0.6597938144329897,0.592041015625,0-1%
image_385.h5,0,0,0,16384,0.0,0.0,0.0,0.0,0.0,0-1%
image_386.h5,0,7,0,16377,0.0,0.0,0.0,0.0,0.0,0-1%
image_387.h5,17,0,78,16289,0.17894736842105263,0.30357142857142855,1.0,0.17894736842105263,0.579833984375,0-1%
image_388.h5,0,0,0,16384,0.0,0.0,0.0,0.0,0.0,0-1%
image_389.h5,0,0,0,16384,0.0,0.0,0.0,0.0,0.0,0-1%
image_390.h5,0,0,0,16384,0.0,0.0,0.0,0.0,0.0,0-1%
image_391.h5,0,0,0,16384,0.0,0.0,0.0,0.0,0.0,0-1%
image_392.h5,340,218,35,15791,0.5733558178752108,0.7288317256162915,0.6093189964157706,0.9066666666666666,2.288818359375,1-3%
image_393.h5,0,0,18,16366,0.0,0.0,0.0,0.0,0.10986328125,0-1%
image_394.h5,0,0,34,16350,0.0,0.0,0.0,0.0,0.20751953125,0-1%
image_395.h5,33,0,1085,15266,0.029516994633273702,0.05734144222415291,1.0,0.029516994633273702,6.82373046875,>5%
image_396.h5,542,193,317,15332,0.5152091254752852,0.6800501882057717,0.7374149659863946,0.6309662398137369,5.242919921875,>5%
image_397.h5,0,0,0,16384,0.0,0.0,0.0,0.0,0.0,0-1%
image_398.h5,607,7,80,15690,0.8746397694524496,0.9331283627978478,0.988599348534202,0.883551673944687,4.193115234375,3-5%
image_399.h5,286,439,150,15509,0.32685714285714285,0.4926787252368648,0.39448275862068966,0.6559633027522935,2.6611328125,1-3%
image_400.h5,80,69,115,16120,0.30303030303030304,0.46511627906976744,0.5369127516778524,0.41025641025641024,1.190185546875,1-3%
image_401.h5,0,0,23,16361,0.0,0.0,0.0,0.0,0.140380859375,0-1%
image_402.h5,168,58,55,16103,0.597864768683274,0.7483296213808464,0.7433628318584071,0.7533632286995515,1.361083984375,1-3%
image_403.h5,41,49,35,16259,0.328,0.4939759036144578,0.45555555555555555,0.5394736842105263,0.4638671875,0-1%
image_404.h5,42,242,0,16100,0.14788732394366197,0.25766871165644173,0.14788732394366197,1.0,0.25634765625,0-1%
image_405.h5,0,0,35,16349,0.0,0.0,0.0,0.0,0.213623046875,0-1%
image_406.h5,0,0,0,16384,0.0,0.0,0.0,0.0,0.0,0-1%
image_407.h5,0,0,0,16384,0.0,0.0,0.0,0.0,0.0,0-1%
image_408.h5,174,117,184,15909,0.3663157894736842,0.5362095531587057,0.5979381443298969,0.4860335195530726,2.18505859375,1-3%
image_409.h5,0,0,35,16349,0.0,0.0,0.0,0.0,0.213623046875,0-1%
image_410.h5,295,228,133,15728,0.4496951219512195,0.6203995793901157,0.5640535372848948,0.6892523364485982,2.6123046875,1-3%
image_411.h5,522,142,82,15638,0.6997319034852547,0.8233438485804416,0.786144578313253,0.8642384105960265,3.6865234375,3-5%
image_412.h5,283,79,117,15905,0.5908141962421712,0.7427821522309711,0.7817679558011049,0.7075,2.44140625,1-3%
image_413.h5,0,103,13,16268,0.0,0.0,0.0,0.0,0.079345703125,0-1%
image_414.h5,88,23,97,16176,0.4230769230769231,0.5945945945945946,0.7927927927927928,0.4756756756756757,1.129150390625,1-3%
image_415.h5,0,0,0,16384,0.0,0.0,0.0,0.0,0.0,0-1%
image_416.h5,324,1488,12,14560,0.17763157894736842,0.3016759776536313,0.17880794701986755,0.9642857142857143,2.05078125,1-3%
image_417.h5,0,0,26,16358,0.0,0.0,0.0,0.0,0.15869140625,0-1%
image_418.h5,0,0,0,16384,0.0,0.0,0.0,0.0,0.0,0-1%
image_419.h5,0,49,0,16335,0.0,0.0,0.0,0.0,0.0,0-1%
image_420.h5,188,99,37,16060,0.5802469135802469,0.734375,0.6550522648083623,0.8355555555555556,1.373291015625,1-3%
image_421.h5,0,0,0,16384,0.0,0.0,0.0,0.0,0.0,0-1%
image_422.h5,6,26,17,16335,0.12244897959183673,0.21818181818181817,0.1875,0.2608695652173913,0.140380859375,0-1%
image_423.h5,0,8,0,16376,0.0,0.0,0.0,0.0,0.0,0-1%
image_424.h5,291,242,46,15805,0.5025906735751295,0.6689655172413793,0.5459662288930581,0.8635014836795252,2.056884765625,1-3%
image_425.h5,0,0,0,16384,0.0,0.0,0.0,0.0,0.0,0-1%
image_426.h5,179,123,38,16044,0.5264705882352941,0.6897880539499036,0.5927152317880795,0.8248847926267281,1.324462890625,1-3%
image_427.h5,0,30,68,16286,0.0,0.0,0.0,0.0,0.4150390625,0-1%
image_428.h5,0,0,0,16384,0.0,0.0,0.0,0.0,0.0,0-1%
image_429.h5,189,26,171,15998,0.4896373056994819,0.6573913043478261,0.8790697674418605,0.525,2.197265625,1-3%
image_430.h5,0,0,0,16384,0.0,0.0,0.0,0.0,0.0,0-1%
image_431.h5,0,0,62,16322,0.0,0.0,0.0,0.0,0.37841796875,0-1%
image_432.h5,1232,117,22,15013,0.8986141502552881,0.9466000768344218,0.9132690882134915,0.9824561403508771,7.65380859375,>5%
image_433.h5,0,0,82,16302,0.0,0.0,0.0,0.0,0.50048828125,0-1%
image_434.h5,3,2,21,16358,0.11538461538461539,0.20689655172413793,0.6,0.125,0.146484375,0-1%
image_435.h5,763,445,55,15121,0.604117181314331,0.7532082922013821,0.6316225165562914,0.9327628361858191,4.99267578125,3-5%
image_436.h5,0,0,0,16384,0.0,0.0,0.0,0.0,0.0,0-1%
image_437.h5,0,0,0,16384,0.0,0.0,0.0,0.0,0.0,0-1%
image_438.h5,0,0,0,16384,0.0,0.0,0.0,0.0,0.0,0-1%
image_439.h5,260,338,66,15720,0.39156626506024095,0.5627705627705628,0.43478260869565216,0.7975460122699386,1.98974609375,1-3%
image_440.h5,193,70,159,15962,0.45734597156398105,0.6276422764227643,0.7338403041825095,0.5482954545454546,2.1484375,1-3%
image_441.h5,0,0,44,16340,0.0,0.0,0.0,0.0,0.2685546875,0-1%
image_442.h5,0,0,0,16384,0.0,0.0,0.0,0.0,0.0,0-1%
image_443.h5,0,0,0,16384,0.0,0.0,0.0,0.0,0.0,0-1%
image_444.h5,0,13,0,16371,0.0,0.0,0.0,0.0,0.0,0-1%
image_445.h5,0,108,0,16276,0.0,0.0,0.0,0.0,0.0,0-1%
image_446.h5,0,0,0,16384,0.0,0.0,0.0,0.0,0.0,0-1%
image_447.h5,6,7,90,16281,0.05825242718446602,0.11009174311926606,0.46153846153846156,0.0625,0.5859375,0-1%
image_448.h5,0,0,0,16384,0.0,0.0,0.0,0.0,0.0,0-1%
image_449.h5,22,53,60,16249,0.16296296296296298,0.2802547770700637,0.29333333333333333,0.2682926829268293,0.50048828125,0-1%
image_450.h5,150,90,113,16031,0.42492917847025496,0.5964214711729622,0.625,0.5703422053231939,1.605224609375,1-3%
image_451.h5,0,0,0,16384,0.0,0.0,0.0,0.0,0.0,0-1%
image_452.h5,0,0,0,16384,0.0,0.0,0.0,0.0,0.0,0-1%
image_453.h5,599,314,157,15314,0.5598130841121496,0.7177950868783702,0.656078860898138,0.7923280423280423,4.6142578125,3-5%
image_454.h5,328,264,28,15764,0.5290322580645161,0.6919831223628692,0.5540540540540541,0.9213483146067416,2.1728515625,1-3%
image_455.h5,0,39,33,16312,0.0,0.0,0.0,0.0,0.201416015625,0-1%
image_456.h5,0,0,0,16384,0.0,0.0,0.0,0.0,0.0,0-1%
image_457.h5,6,0,40,16338,0.13043478260869565,0.23076923076923078,1.0,0.13043478260869565,0.28076171875,0-1%
image_458.h5,0,102,11,16271,0.0,0.0,0.0,0.0,0.067138671875,0-1%
image_459.h5,0,0,0,16384,0.0,0.0,0.0,0.0,0.0,0-1%
image_460.h5,0,0,11,16373,0.0,0.0,0.0,0.0,0.067138671875,0-1%
image_461.h5,0,0,0,16384,0.0,0.0,0.0,0.0,0.0,0-1%
image_462.h5,894,339,202,14949,0.6229965156794425,0.7677114641477029,0.7250608272506083,0.8156934306569343,6.689453125,>5%
image_463.h5,0,16,0,16368,0.0,0.0,0.0,0.0,0.0,0-1%
image_464.h5,0,0,0,16384,0.0,0.0,0.0,0.0,0.0,0-1%
image_465.h5,0,0,0,16384,0.0,0.0,0.0,0.0,0.0,0-1%
image_466.h5,0,424,0,15960,0.0,0.0,0.0,0.0,0.0,0-1%
image_467.h5,0,0,0,16384,0.0,0.0,0.0,0.0,0.0,0-1%
image_468.h5,320,80,13,15971,0.774818401937046,0.8731241473396999,0.8,0.960960960960961,2.032470703125,1-3%
image_469.h5,83,73,62,16166,0.38073394495412843,0.5514950166112956,0.532051282051282,0.5724137931034483,0.885009765625,0-1%
image_470.h5,6,0,36,16342,0.14285714285714285,0.25,1.0,0.14285714285714285,0.25634765625,0-1%
image_471.h5,969,1075,199,14141,0.43201069995541685,0.6033623910336239,0.4740704500978474,0.8296232876712328,7.12890625,>5%
image_472.h5,0,0,0,16384,0.0,0.0,0.0,0.0,0.0,0-1%
image_473.h5,0,0,0,16384,0.0,0.0,0.0,0.0,0.0,0-1%
image_474.h5,109,224,36,16015,0.2953929539295393,0.4560669456066946,0.32732732732732733,0.7517241379310344,0.885009765625,0-1%
image_475.h5,0,0,33,16351,0.0,0.0,0.0,0.0,0.201416015625,0-1%
image_476.h5,18,39,24,16303,0.2222222222222222,0.36363636363636365,0.3157894736842105,0.42857142857142855,0.25634765625,0-1%
image_477.h5,892,360,35,15097,0.6930846930846931,0.8187241854061497,0.7124600638977636,0.9622437971952535,5.657958984375,>5%
image_478.h5,51,6,180,16147,0.21518987341772153,0.3541666666666667,0.8947368421052632,0.22077922077922077,1.409912109375,1-3%
image_479.h5,0,0,0,16384,0.0,0.0,0.0,0.0,0.0,0-1%
image_480.h5,0,0,0,16384,0.0,0.0,0.0,0.0,0.0,0-1%
image_481.h5,0,8,0,16376,0.0,0.0,0.0,0.0,0.0,0-1%
image_482.h5,0,34,0,16350,0.0,0.0,0.0,0.0,0.0,0-1%
image_483.h5,15,0,84,16285,0.15151515151515152,0.2631578947368421,1.0,0.15151515151515152,0.604248046875,0-1%
image_484.h5,0,0,0,16384,0.0,0.0,0.0,0.0,0.0,0-1%
image_485.h5,0,5,0,16379,0.0,0.0,0.0,0.0,0.0,0-1%
image_486.h5,0,0,0,16384,0.0,0.0,0.0,0.0,0.0,0-1%
image_487.h5,0,303,0,16081,0.0,0.0,0.0,0.0,0.0,0-1%
image_488.h5,0,0,56,16328,0.0,0.0,0.0,0.0,0.341796875,0-1%
image_489.h5,0,0,39,16345,0.0,0.0,0.0,0.0,0.238037109375,0-1%
image_490.h5,0,0,0,16384,0.0,0.0,0.0,0.0,0.0,0-1%
image_491.h5,6131,2245,75,7933,0.7254762749970418,0.8408997394047456,0.7319723018147087,0.9879149210441508,37.87841796875,>5%
image_492.h5,69,86,32,16197,0.3689839572192513,0.5390625,0.44516129032258067,0.6831683168316832,0.616455078125,0-1%
image_493.h5,0,0,0,16384,0.0,0.0,0.0,0.0,0.0,0-1%
image_494.h5,227,135,18,16004,0.5973684210526315,0.7479406919275123,0.6270718232044199,0.926530612244898,1.495361328125,1-3%
image_495.h5,0,0,0,16384,0.0,0.0,0.0,0.0,0.0,0-1%
image_496.h5,86,37,65,16196,0.4574468085106383,0.6277372262773723,0.6991869918699187,0.5695364238410596,0.921630859375,0-1%
image_497.h5,1057,359,98,14870,0.6981505944517834,0.822248152469856,0.7464689265536724,0.9151515151515152,7.049560546875,>5%
image_498.h5,0,0,0,16384,0.0,0.0,0.0,0.0,0.0,0-1%
image_499.h5,0,0,0,16384,0.0,0.0,0.0,0.0,0.0,0-1%
image_500.h5,44,29,40,16271,0.3893805309734513,0.5605095541401274,0.6027397260273972,0.5238095238095238,0.5126953125,0-1%
image_501.h5,639,456,4,15285,0.5814376706096451,0.7353279631760644,0.5835616438356165,0.9937791601866252,3.924560546875,3-5%
image_502.h5,0,0,0,16384,0.0,0.0,0.0,0.0,0.0,0-1%
image_503.h5,189,398,723,15074,0.14427480916030536,0.25216811207471646,0.3219761499148211,0.20723684210526316,5.56640625,>5%
image_504.h5,0,0,493,15891,0.0,0.0,0.0,0.0,3.009033203125,3-5%
image_505.h5,1265,103,1231,13785,0.48672566371681414,0.6547619047619048,0.9247076023391813,0.5068108974358975,15.234375,>5%
image_506.h5,80,15,16,16273,0.7207207207207207,0.837696335078534,0.8421052631578947,0.8333333333333334,0.5859375,0-1%
image_507.h5,75,66,5,16238,0.5136986301369864,0.6787330316742082,0.5319148936170213,0.9375,0.48828125,0-1%
image_508.h5,0,0,54,16330,0.0,0.0,0.0,0.0,0.32958984375,0-1%
image_509.h5,0,0,0,16384,0.0,0.0,0.0,0.0,0.0,0-1%
image_510.h5,0,0,362,16022,0.0,0.0,0.0,0.0,2.20947265625,1-3%
image_511.h5,0,0,17,16367,0.0,0.0,0.0,0.0,0.103759765625,0-1%
image_512.h5,0,0,0,16384,0.0,0.0,0.0,0.0,0.0,0-1%
image_513.h5,0,0,0,16384,0.0,0.0,0.0,0.0,0.0,0-1%
image_514.h5,0,0,18,16366,0.0,0.0,0.0,0.0,0.10986328125,0-1%
image_515.h5,0,2,0,16382,0.0,0.0,0.0,0.0,0.0,0-1%
image_516.h5,0,23,330,16031,0.0,0.0,0.0,0.0,2.01416015625,1-3%
image_517.h5,0,0,48,16336,0.0,0.0,0.0,0.0,0.29296875,0-1%
image_518.h5,206,89,39,16050,0.6167664670658682,0.762962962962963,0.6983050847457627,0.8408163265306122,1.495361328125,1-3%
image_519.h5,93,764,35,15492,0.10426008968609865,0.18883248730964466,0.10851808634772463,0.7265625,0.78125,0-1%
image_520.h5,127,458,11,15788,0.21308724832214765,0.35131396957123096,0.2170940170940171,0.9202898550724637,0.84228515625,0-1%
image_521.h5,314,137,148,15785,0.5242070116861436,0.687842278203724,0.6962305986696231,0.6796536796536796,2.81982421875,1-3%
image_522.h5,109,124,108,16043,0.3196480938416422,0.48444444444444446,0.4678111587982833,0.5023041474654378,1.324462890625,1-3%
image_523.h5,0,0,57,16327,0.0,0.0,0.0,0.0,0.347900390625,0-1%
image_524.h5,0,0,0,16384,0.0,0.0,0.0,0.0,0.0,0-1%
image_525.h5,0,0,0,16384,0.0,0.0,0.0,0.0,0.0,0-1%
image_526.h5,4,18,74,16288,0.041666666666666664,0.08,0.18181818181818182,0.05128205128205128,0.47607421875,0-1%
image_527.h5,189,82,28,16085,0.6321070234113713,0.7745901639344263,0.6974169741697417,0.8709677419354839,1.324462890625,1-3%
image_528.h5,484,233,179,15488,0.5401785714285714,0.7014492753623188,0.6750348675034867,0.7300150829562594,4.046630859375,3-5%
image_529.h5,0,155,0,16229,0.0,0.0,0.0,0.0,0.0,0-1%
image_530.h5,830,223,133,15198,0.6998313659359191,0.8234126984126984,0.7882241215574549,0.8618899273104881,5.877685546875,>5%
image_531.h5,40,431,23,15890,0.08097165991902834,0.149812734082397,0.08492569002123142,0.6349206349206349,0.384521484375,0-1%
image_532.h5,0,0,68,16316,0.0,0.0,0.0,0.0,0.4150390625,0-1%
image_533.h5,0,206,0,16178,0.0,0.0,0.0,0.0,0.0,0-1%
image_534.h5,0,55,0,16329,0.0,0.0,0.0,0.0,0.0,0-1%
image_535.h5,149,19,87,16129,0.5843137254901961,0.7376237623762376,0.8869047619047619,0.6313559322033898,1.4404296875,1-3%
image_536.h5,409,52,75,15848,0.7630597014925373,0.8656084656084656,0.8872017353579176,0.8450413223140496,2.9541015625,1-3%
image_537.h5,435,130,115,15704,0.6397058823529411,0.7802690582959642,0.7699115044247787,0.7909090909090909,3.35693359375,3-5%
image_538.h5,0,0,32,16352,0.0,0.0,0.0,0.0,0.1953125,0-1%
image_539.h5,0,51,0,16333,0.0,0.0,0.0,0.0,0.0,0-1%
image_540.h5,0,5,0,16379,0.0,0.0,0.0,0.0,0.0,0-1%
image_541.h5,0,0,0,16384,0.0,0.0,0.0,0.0,0.0,0-1%
image_542.h5,189,84,29,16082,0.6258278145695364,0.769857433808554,0.6923076923076923,0.8669724770642202,1.33056640625,1-3%
image_543.h5,19,0,201,16164,0.08636363636363636,0.1589958158995816,1.0,0.08636363636363636,1.3427734375,1-3%
image_544.h5,0,25,0,16359,0.0,0.0,0.0,0.0,0.0,0-1%
image_545.h5,400,67,304,15613,0.5188067444876784,0.6831767719897524,0.8565310492505354,0.5681818181818182,4.296875,3-5%
image_546.h5,0,0,52,16332,0.0,0.0,0.0,0.0,0.3173828125,0-1%
image_547.h5,226,43,47,16068,0.7151898734177216,0.8339483394833949,0.8401486988847584,0.8278388278388278,1.666259765625,1-3%
image_548.h5,0,62,71,16251,0.0,0.0,0.0,0.0,0.433349609375,0-1%
image_549.h5,0,80,0,16304,0.0,0.0,0.0,0.0,0.0,0-1%
image_550.h5,0,0,0,16384,0.0,0.0,0.0,0.0,0.0,0-1%
image_551.h5,266,3,833,15282,0.2413793103448276,0.3888888888888889,0.9888475836431226,0.24203821656050956,6.707763671875,>5%
image_552.h5,0,0,0,16384,0.0,0.0,0.0,0.0,0.0,0-1%
image_553.h5,0,0,0,16384,0.0,0.0,0.0,0.0,0.0,0-1%
image_554.h5,120,150,38,16076,0.38961038961038963,0.5607476635514018,0.4444444444444444,0.759493670886076,0.96435546875,0-1%
image_555.h5,0,0,42,16342,0.0,0.0,0.0,0.0,0.25634765625,0-1%
image_556.h5,455,10,293,15626,0.600263852242744,0.7502061005770816,0.978494623655914,0.6082887700534759,4.5654296875,3-5%
image_557.h5,0,0,0,16384,0.0,0.0,0.0,0.0,0.0,0-1%
image_558.h5,0,0,0,16384,0.0,0.0,0.0,0.0,0.0,0-1%
image_559.h5,0,0,154,16230,0.0,0.0,0.0,0.0,0.93994140625,0-1%
image_560.h5,0,0,0,16384,0.0,0.0,0.0,0.0,0.0,0-1%
image_561.h5,0,118,26,16240,0.0,0.0,0.0,0.0,0.15869140625,0-1%
image_562.h5,455,459,32,15438,0.4809725158562368,0.6495360456816559,0.49781181619256015,0.9342915811088296,2.972412109375,1-3%
image_563.h5,0,0,0,16384,0.0,0.0,0.0,0.0,0.0,0-1%
image_564.h5,344,137,98,15805,0.5941278065630398,0.7453954496208017,0.7151767151767152,0.7782805429864253,2.69775390625,1-3%
image_565.h5,346,562,357,15119,0.2735177865612648,0.42954686530105524,0.381057268722467,0.492176386913229,4.290771484375,3-5%
image_566.h5,44,20,148,16172,0.20754716981132076,0.34375,0.6875,0.22916666666666666,1.171875,1-3%
image_567.h5,0,0,0,16384,0.0,0.0,0.0,0.0,0.0,0-1%
image_568.h5,81,10,27,16266,0.6864406779661016,0.8140703517587939,0.8901098901098901,0.75,0.6591796875,0-1%
image_569.h5,0,15,0,16369,0.0,0.0,0.0,0.0,0.0,0-1%
image_570.h5,0,0,85,16299,0.0,0.0,0.0,0.0,0.518798828125,0-1%
image_571.h5,13,304,9,16058,0.03987730061349693,0.07669616519174041,0.04100946372239748,0.5909090909090909,0.13427734375,0-1%
image_572.h5,0,0,170,16214,0.0,0.0,0.0,0.0,1.03759765625,1-3%
image_573.h5,557,111,77,15639,0.7476510067114094,0.8556067588325653,0.8338323353293413,0.8785488958990536,3.86962890625,3-5%
image_574.h5,0,0,0,16384,0.0,0.0,0.0,0.0,0.0,0-1%
image_575.h5,24,55,50,16255,0.18604651162790697,0.3137254901960784,0.3037974683544304,0.32432432432432434,0.45166015625,0-1%
image_576.h5,29,2,132,16221,0.17791411042944785,0.3020833333333333,0.9354838709677419,0.18012422360248448,0.982666015625,0-1%
image_577.h5,30,15,30,16309,0.4,0.5714285714285714,0.6666666666666666,0.5,0.3662109375,0-1%
image_578.h5,245,323,29,15787,0.4103852596314908,0.5819477434679335,0.43133802816901406,0.8941605839416058,1.67236328125,1-3%
image_579.h5,0,0,0,16384,0.0,0.0,0.0,0.0,0.0,0-1%
image_580.h5,117,144,105,16018,0.319672131147541,0.484472049689441,0.4482758620689655,0.527027027027027,1.35498046875,1-3%
image_581.h5,0,0,0,16384,0.0,0.0,0.0,0.0,0.0,0-1%
image_582.h5,0,0,4,16380,0.0,0.0,0.0,0.0,0.0244140625,0-1%
image_583.h5,0,0,0,16384,0.0,0.0,0.0,0.0,0.0,0-1%
image_584.h5,253,43,261,15827,0.4542190305206463,0.6246913580246913,0.8547297297297297,0.49221789883268485,3.13720703125,3-5%
image_585.h5,0,0,0,16384,0.0,0.0,0.0,0.0,0.0,0-1%
image_586.h5,739,217,293,15135,0.5916733386709367,0.7434607645875252,0.7730125523012552,0.7160852713178295,6.298828125,>5%
image_587.h5,0,9,0,16375,0.0,0.0,0.0,0.0,0.0,0-1%
image_588.h5,1010,1287,90,13997,0.42312526183493926,0.5946423314689432,0.43970396168915976,0.9181818181818182,6.7138671875,>5%
image_589.h5,0,165,0,16219,0.0,0.0,0.0,0.0,0.0,0-1%
image_590.h5,0,0,0,16384,0.0,0.0,0.0,0.0,0.0,0-1%
image_591.h5,2,4,43,16335,0.04081632653061224,0.0784313725490196,0.3333333333333333,0.044444444444444446,0.274658203125,0-1%
image_592.h5,282,150,50,15902,0.5850622406639004,0.7382198952879581,0.6527777777777778,0.8493975903614458,2.0263671875,1-3%
image_593.h5,0,0,23,16361,0.0,0.0,0.0,0.0,0.140380859375,0-1%
image_594.h5,336,646,74,15328,0.3181818181818182,0.4827586206896552,0.3421588594704684,0.8195121951219512,2.50244140625,1-3%
image_595.h5,0,0,0,16384,0.0,0.0,0.0,0.0,0.0,0-1%
image_596.h5,160,40,171,16013,0.431266846361186,0.6026365348399246,0.8,0.48338368580060426,2.020263671875,1-3%
image_597.h5,4,0,135,16245,0.02877697841726619,0.055944055944055944,1.0,0.02877697841726619,0.848388671875,0-1%
image_598.h5,394,61,716,15213,0.336464560204953,0.5035143769968051,0.865934065934066,0.35495495495495494,6.77490234375,>5%
image_599.h5,183,713,7,15481,0.2026578073089701,0.3370165745856354,0.20424107142857142,0.9631578947368421,1.15966796875,1-3%
image_600.h5,508,49,114,15713,0.7570789865871833,0.8617472434266328,0.9120287253141831,0.8167202572347267,3.79638671875,3-5%
image_601.h5,71,49,20,16244,0.5071428571428571,0.6729857819905213,0.5916666666666667,0.7802197802197802,0.555419921875,0-1%
image_602.h5,0,0,23,16361,0.0,0.0,0.0,0.0,0.140380859375,0-1%
image_603.h5,2357,421,449,13157,0.730399752091726,0.8441977077363897,0.8484521238300936,0.8399857448325018,17.12646484375,>5%
image_604.h5,356,20,138,15870,0.6926070038910506,0.8183908045977012,0.9468085106382979,0.7206477732793523,3.01513671875,3-5%
image_605.h5,2158,409,286,13531,0.7563967753242201,0.861305128716823,0.8406700428515778,0.8829787234042553,14.9169921875,>5%
image_606.h5,0,1016,0,15368,0.0,0.0,0.0,0.0,0.0,0-1%
image_607.h5,0,115,21,16248,0.0,0.0,0.0,0.0,0.128173828125,0-1%
image_608.h5,90,171,107,16016,0.24456521739130435,0.3930131004366812,0.3448275862068966,0.45685279187817257,1.202392578125,1-3%
image_609.h5,279,512,57,15536,0.3290094339622642,0.4951197870452529,0.3527180783817952,0.8303571428571429,2.05078125,1-3%
image_610.h5,0,11,0,16373,0.0,0.0,0.0,0.0,0.0,0-1%
image_611.h5,0,0,138,16246,0.0,0.0,0.0,0.0,0.84228515625,0-1%
image_612.h5,0,0,0,16384,0.0,0.0,0.0,0.0,0.0,0-1%
image_613.h5,1312,812,20,14240,0.6119402985074627,0.7592592592592593,0.6177024482109228,0.984984984984985,8.1298828125,>5%
image_614.h5,1385,155,76,14768,0.8570544554455446,0.923025658113962,0.8993506493506493,0.94798083504449,8.917236328125,>5%
image_615.h5,630,288,123,15343,0.6051873198847262,0.7540394973070018,0.6862745098039216,0.8366533864541833,4.595947265625,3-5%
image_616.h5,0,134,0,16250,0.0,0.0,0.0,0.0,0.0,0-1%
image_617.h5,176,62,75,16071,0.5623003194888179,0.7198364008179959,0.7394957983193278,0.701195219123506,1.531982421875,1-3%
image_618.h5,55,98,34,16197,0.29411764705882354,0.45454545454545453,0.35947712418300654,0.6179775280898876,0.543212890625,0-1%
image_619.h5,2890,624,88,12782,0.8023320377568017,0.8903265557609366,0.8224245873648264,0.9704499664204164,18.17626953125,>5%
image_620.h5,0,0,57,16327,0.0,0.0,0.0,0.0,0.347900390625,0-1%
image_621.h5,0,0,18,16366,0.0,0.0,0.0,0.0,0.10986328125,0-1%
image_622.h5,0,0,0,16384,0.0,0.0,0.0,0.0,0.0,0-1%
image_623.h5,289,176,80,15839,0.5302752293577981,0.6930455635491607,0.621505376344086,0.7831978319783198,2.252197265625,1-3%
image_624.h5,0,110,94,16180,0.0,0.0,0.0,0.0,0.57373046875,0-1%
image_625.h5,0,0,0,16384,0.0,0.0,0.0,0.0,0.0,0-1%
image_626.h5,884,457,47,14996,0.6368876080691642,0.778169014084507,0.6592095451155854,0.949516648764769,5.682373046875,>5%
image_627.h5,0,22,0,16362,0.0,0.0,0.0,0.0,0.0,0-1%
image_628.h5,108,150,68,16058,0.3312883435582822,0.4976958525345622,0.4186046511627907,0.6136363636363636,1.07421875,1-3%
image_629.h5,505,196,112,15571,0.6211562115621156,0.7663125948406677,0.7203994293865906,0.8184764991896273,3.765869140625,3-5%
image_630.h5,0,0,0,16384,0.0,0.0,0.0,0.0,0.0,0-1%
image_631.h5,0,0,23,16361,0.0,0.0,0.0,0.0,0.140380859375,0-1%
image_632.h5,45,12,17,16310,0.6081081081081081,0.7563025210084033,0.7894736842105263,0.7258064516129032,0.37841796875,0-1%
image_633.h5,33,0,40,16311,0.4520547945205479,0.6226415094339622,1.0,0.4520547945205479,0.445556640625,0-1%
image_634.h5,0,0,0,16384,0.0,0.0,0.0,0.0,0.0,0-1%
image_635.h5,0,0,0,16384,0.0,0.0,0.0,0.0,0.0,0-1%
image_636.h5,518,33,96,15737,0.8006182380216383,0.8892703862660944,0.9401088929219601,0.8436482084690554,3.74755859375,3-5%
image_637.h5,18,0,97,16269,0.1565217391304348,0.2706766917293233,1.0,0.1565217391304348,0.701904296875,0-1%
image_638.h5,4,0,58,16322,0.06451612903225806,0.12121212121212122,1.0,0.06451612903225806,0.37841796875,0-1%
image_639.h5,1094,469,8,14813,0.6963717377466582,0.8210131332082552,0.6999360204734485,0.9927404718693285,6.72607421875,>5%
image_640.h5,10,1,58,16315,0.14492753623188406,0.25316455696202533,0.9090909090909091,0.14705882352941177,0.4150390625,0-1%
image_641.h5,210,39,84,16051,0.6306306306306306,0.7734806629834254,0.8433734939759037,0.7142857142857143,1.79443359375,1-3%
image_642.h5,12,0,14463,1909,0.0008290155440414508,0.0016566576931041624,1.0,0.0008290155440414508,88.348388671875,>5%
image_643.h5,0,0,0,16384,0.0,0.0,0.0,0.0,0.0,0-1%
image_644.h5,0,18,0,16366,0.0,0.0,0.0,0.0,0.0,0-1%
image_645.h5,388,333,137,15526,0.4522144522144522,0.622792937399679,0.5381414701803051,0.7390476190476191,3.204345703125,3-5%
image_646.h5,884,195,525,14780,0.5511221945137157,0.7106109324758842,0.8192771084337349,0.6273953158268275,8.599853515625,>5%
image_647.h5,0,0,15,16369,0.0,0.0,0.0,0.0,0.091552734375,0-1%
image_648.h5,0,0,0,16384,0.0,0.0,0.0,0.0,0.0,0-1%
image_649.h5,0,0,21,16363,0.0,0.0,0.0,0.0,0.128173828125,0-1%
image_650.h5,0,124,0,16260,0.0,0.0,0.0,0.0,0.0,0-1%
image_651.h5,0,0,0,16384,0.0,0.0,0.0,0.0,0.0,0-1%
image_652.h5,424,182,77,15701,0.6207906295754027,0.7660343270099368,0.6996699669966997,0.846307385229541,3.057861328125,3-5%
image_653.h5,0,0,0,16384,0.0,0.0,0.0,0.0,0.0,0-1%
image_654.h5,93,11,111,16169,0.4325581395348837,0.6038961038961039,0.8942307692307693,0.45588235294117646,1.2451171875,1-3%
image_655.h5,112,40,48,16184,0.56,0.717948717948718,0.7368421052631579,0.7,0.9765625,0-1%
image_656.h5,61,32,34,16257,0.48031496062992124,0.648936170212766,0.6559139784946236,0.6421052631578947,0.579833984375,0-1%
image_657.h5,0,0,0,16384,0.0,0.0,0.0,0.0,0.0,0-1%
image_658.h5,210,1683,6,14485,0.11058451816745656,0.19914651493598862,0.1109350237717908,0.9722222222222222,1.318359375,1-3%
image_659.h5,0,0,0,16384,0.0,0.0,0.0,0.0,0.0,0-1%
image_660.h5,190,141,137,15916,0.405982905982906,0.5775075987841946,0.5740181268882175,0.581039755351682,1.995849609375,1-3%
image_661.h5,0,0,0,16384,0.0,0.0,0.0,0.0,0.0,0-1%
image_662.h5,145,89,55,16095,0.5017301038062284,0.6682027649769585,0.6196581196581197,0.725,1.220703125,1-3%
image_663.h5,61,212,50,16061,0.18885448916408668,0.3177083333333333,0.22344322344322345,0.5495495495495496,0.677490234375,0-1%
image_664.h5,577,228,338,15241,0.5048118985126859,0.6709302325581395,0.7167701863354037,0.6306010928961748,5.584716796875,>5%
image_665.h5,4,29,172,16179,0.01951219512195122,0.03827751196172249,0.12121212121212122,0.022727272727272728,1.07421875,1-3%
image_666.h5,327,14,383,15660,0.4516574585635359,0.6222645099904852,0.9589442815249267,0.46056338028169014,4.33349609375,3-5%
image_667.h5,0,0,56,16328,0.0,0.0,0.0,0.0,0.341796875,0-1%
image_668.h5,146,53,104,16081,0.48184818481848185,0.6503340757238307,0.7336683417085427,0.584,1.52587890625,1-3%
image_669.h5,0,0,7,16377,0.0,0.0,0.0,0.0,0.042724609375,0-1%
image_670.h5,69,57,17,16241,0.4825174825174825,0.6509433962264151,0.5476190476190477,0.8023255813953488,0.52490234375,0-1%
image_671.h5,0,0,40,16344,0.0,0.0,0.0,0.0,0.244140625,0-1%
image_672.h5,281,17,207,15879,0.5564356435643565,0.7150127226463104,0.9429530201342282,0.5758196721311475,2.978515625,1-3%
image_673.h5,102,84,64,16134,0.408,0.5795454545454546,0.5483870967741935,0.6144578313253012,1.01318359375,1-3%
image_674.h5,22,74,8,16280,0.21153846153846154,0.3492063492063492,0.22916666666666666,0.7333333333333333,0.18310546875,0-1%
image_675.h5,0,0,0,16384,0.0,0.0,0.0,0.0,0.0,0-1%
image_676.h5,86,14,111,16173,0.4075829383886256,0.5791245791245792,0.86,0.4365482233502538,1.202392578125,1-3%
image_677.h5,845,174,218,15147,0.683104284559418,0.8117195004803074,0.8292443572129539,0.7949200376293509,6.488037109375,>5%
image_678.h5,457,462,108,15357,0.44498539435248297,0.6159029649595688,0.4972796517954298,0.8088495575221238,3.448486328125,3-5%
image_679.h5,0,0,45,16339,0.0,0.0,0.0,0.0,0.274658203125,0-1%
image_680.h5,234,155,179,15816,0.4119718309859155,0.5835411471321695,0.6015424164524421,0.5665859564164649,2.520751953125,1-3%
image_681.h5,0,0,0,16384,0.0,0.0,0.0,0.0,0.0,0-1%
image_682.h5,0,1,0,16383,0.0,0.0,0.0,0.0,0.0,0-1%
image_683.h5,40,14,40,16290,0.425531914893617,0.5970149253731343,0.7407407407407407,0.5,0.48828125,0-1%
image_684.h5,0,0,0,16384,0.0,0.0,0.0,0.0,0.0,0-1%
image_685.h5,0,0,0,16384,0.0,0.0,0.0,0.0,0.0,0-1%
image_686.h5,0,0,210,16174,0.0,0.0,0.0,0.0,1.28173828125,1-3%
image_687.h5,15,2,64,16303,0.18518518518518517,0.3125,0.8823529411764706,0.189873417721519,0.482177734375,0-1%
image_688.h5,0,0,0,16384,0.0,0.0,0.0,0.0,0.0,0-1%
image_689.h5,730,215,27,15412,0.7510288065843621,0.8578143360752056,0.7724867724867724,0.964332892998679,4.620361328125,3-5%
image_690.h5,58,34,28,16264,0.48333333333333334,0.651685393258427,0.6304347826086957,0.6744186046511628,0.52490234375,0-1%
image_691.h5,0,0,17,16367,0.0,0.0,0.0,0.0,0.103759765625,0-1%
image_692.h5,153,86,17,16128,0.59765625,0.7481662591687042,0.6401673640167364,0.9,1.03759765625,1-3%
image_693.h5,0,0,0,16384,0.0,0.0,0.0,0.0,0.0,0-1%
image_694.h5,83,13,86,16202,0.45604395604395603,0.6264150943396226,0.8645833333333334,0.4911242603550296,1.031494140625,1-3%
image_695.h5,274,154,118,15838,0.5018315018315018,0.6682926829268293,0.6401869158878505,0.6989795918367347,2.392578125,1-3%
image_696.h5,76,3,9,16296,0.8636363636363636,0.926829268292683,0.9620253164556962,0.8941176470588236,0.518798828125,0-1%
image_697.h5,0,1,335,16048,0.0,0.0,0.0,0.0,2.044677734375,1-3%
image_698.h5,147,149,63,16025,0.40947075208913647,0.5810276679841897,0.4966216216216216,0.7,1.28173828125,1-3%
image_699.h5,288,78,431,15587,0.3613550815558344,0.5308755760368664,0.7868852459016393,0.40055632823365783,4.388427734375,3-5%
image_700.h5,0,0,0,16384,0.0,0.0,0.0,0.0,0.0,0-1%
image_701.h5,123,508,127,15626,0.16226912928759896,0.2792281498297389,0.1949286846275753,0.492,1.52587890625,1-3%
image_702.h5,9,0,52,16323,0.14754098360655737,0.2571428571428571,1.0,0.14754098360655737,0.372314453125,0-1%
image_703.h5,143,50,14,16177,0.6908212560386473,0.8171428571428572,0.7409326424870466,0.910828025477707,0.958251953125,0-1%
image_704.h5,20,20,45,16299,0.23529411764705882,0.38095238095238093,0.5,0.3076923076923077,0.396728515625,0-1%
image_705.h5,0,0,105,16279,0.0,0.0,0.0,0.0,0.640869140625,0-1%
image_706.h5,40,4,70,16270,0.3508771929824561,0.5194805194805194,0.9090909090909091,0.36363636363636365,0.67138671875,0-1%
image_707.h5,278,86,144,15876,0.547244094488189,0.7073791348600509,0.7637362637362637,0.6587677725118484,2.57568359375,1-3%
image_708.h5,0,0,70,16314,0.0,0.0,0.0,0.0,0.42724609375,0-1%
image_709.h5,0,17,0,16367,0.0,0.0,0.0,0.0,0.0,0-1%
image_710.h5,0,0,37,16347,0.0,0.0,0.0,0.0,0.225830078125,0-1%
image_711.h5,0,0,140,16244,0.0,0.0,0.0,0.0,0.8544921875,0-1%
image_712.h5,0,2,0,16382,0.0,0.0,0.0,0.0,0.0,0-1%
image_713.h5,27,81,0,16276,0.25,0.4,0.25,1.0,0.164794921875,0-1%
image_714.h5,0,0,0,16384,0.0,0.0,0.0,0.0,0.0,0-1%
image_715.h5,485,192,828,14879,0.3222591362126246,0.48743718592964824,0.7163958641063516,0.3693830921553694,8.013916015625,>5%
image_716.h5,0,0,0,16384,0.0,0.0,0.0,0.0,0.0,0-1%
image_717.h5,0,0,0,16384,0.0,0.0,0.0,0.0,0.0,0-1%
image_718.h5,437,264,73,15610,0.5645994832041343,0.7217175887696119,0.62339514978602,0.8568627450980392,3.11279296875,3-5%
image_719.h5,258,90,36,16000,0.671875,0.8037383177570093,0.7413793103448276,0.8775510204081632,1.79443359375,1-3%
image_720.h5,0,51,11,16322,0.0,0.0,0.0,0.0,0.067138671875,0-1%
image_721.h5,14,0,42,16328,0.25,0.4,1.0,0.25,0.341796875,0-1%
image_722.h5,86,0,209,16089,0.29152542372881357,0.45144356955380577,1.0,0.29152542372881357,1.800537109375,1-3%
image_723.h5,86,1,199,16098,0.3006993006993007,0.46236559139784944,0.9885057471264368,0.3017543859649123,1.739501953125,1-3%
image_724.h5,115,150,13,16106,0.4136690647482014,0.5852417302798982,0.4339622641509434,0.8984375,0.78125,0-1%
image_725.h5,119,38,0,16227,0.7579617834394905,0.8623188405797102,0.7579617834394905,1.0,0.726318359375,0-1%
image_726.h5,0,44,0,16340,0.0,0.0,0.0,0.0,0.0,0-1%
image_727.h5,277,113,137,15857,0.5256166982922201,0.6890547263681592,0.7102564102564103,0.6690821256038647,2.52685546875,1-3%
image_728.h5,0,0,0,16384,0.0,0.0,0.0,0.0,0.0,0-1%
image_729.h5,165,50,13,16156,0.7236842105263158,0.8396946564885496,0.7674418604651163,0.9269662921348315,1.08642578125,1-3%
image_730.h5,0,0,0,16384,0.0,0.0,0.0,0.0,0.0,0-1%
image_731.h5,501,248,123,15512,0.5745412844036697,0.7297887836853605,0.6688918558077437,0.8028846153846154,3.80859375,3-5%
image_732.h5,197,453,80,15654,0.26986301369863014,0.4250269687162891,0.3030769230769231,0.7111913357400722,1.690673828125,1-3%
image_733.h5,604,41,585,15154,0.49105691056910566,0.658669574700109,0.9364341085271318,0.5079899074852817,7.257080078125,>5%
image_734.h5,219,179,75,15911,0.4630021141649049,0.6329479768786127,0.550251256281407,0.7448979591836735,1.79443359375,1-3%
image_735.h5,4,0,77,16303,0.04938271604938271,0.09411764705882353,1.0,0.04938271604938271,0.494384765625,0-1%
image_736.h5,0,0,0,16384,0.0,0.0,0.0,0.0,0.0,0-1%
image_737.h5,241,17,9,16117,0.9026217228464419,0.9488188976377953,0.9341085271317829,0.964,1.52587890625,1-3%
image_738.h5,39,282,21,16042,0.11403508771929824,0.2047244094488189,0.12149532710280374,0.65,0.3662109375,0-1%
image_739.h5,0,0,0,16384,0.0,0.0,0.0,0.0,0.0,0-1%
image_740.h5,0,137,12,16235,0.0,0.0,0.0,0.0,0.0732421875,0-1%
image_741.h5,2301,339,17,13727,0.8660143018441852,0.9281968535699879,0.8715909090909091,0.9926660914581535,14.14794921875,>5%
image_742.h5,282,132,154,15816,0.4964788732394366,0.6635294117647059,0.6811594202898551,0.6467889908256881,2.6611328125,1-3%
image_743.h5,0,0,0,16384,0.0,0.0,0.0,0.0,0.0,0-1%
image_744.h5,0,0,0,16384,0.0,0.0,0.0,0.0,0.0,0-1%
image_745.h5,628,158,321,15277,0.5672990063233966,0.7239193083573487,0.7989821882951654,0.6617492096944152,5.792236328125,>5%
image_746.h5,0,46,0,16338,0.0,0.0,0.0,0.0,0.0,0-1%
image_747.h5,1169,765,1110,13340,0.3840341655716163,0.5549489674816046,0.6044467425025853,0.5129442738043001,13.909912109375,>5%
image_748.h5,266,235,65,15818,0.46996466431095407,0.6394230769230769,0.530938123752495,0.8036253776435045,2.020263671875,1-3%
image_749.h5,304,77,140,15863,0.5834932821497121,0.7369696969696969,0.7979002624671916,0.6846846846846847,2.7099609375,1-3%
image_750.h5,0,0,0,16384,0.0,0.0,0.0,0.0,0.0,0-1%
image_751.h5,25,46,0,16313,0.352112676056338,0.5208333333333334,0.352112676056338,1.0,0.152587890625,0-1%
image_752.h5,469,63,79,15773,0.7675941080196399,0.8685185185185185,0.881578947368421,0.8558394160583942,3.3447265625,3-5%
image_753.h5,249,162,115,15858,0.47338403041825095,0.6425806451612903,0.6058394160583942,0.6840659340659341,2.2216796875,1-3%
image_754.h5,0,0,0,16384,0.0,0.0,0.0,0.0,0.0,0-1%
image_755.h5,2184,458,89,13653,0.7997070670084219,0.8887080366225839,0.8266464799394398,0.9608446986361636,13.873291015625,>5%
image_756.h5,0,0,15,16369,0.0,0.0,0.0,0.0,0.091552734375,0-1%
image_757.h5,0,0,0,16384,0.0,0.0,0.0,0.0,0.0,0-1%
image_758.h5,11,102,111,16160,0.049107142857142856,0.09361702127659574,0.09734513274336283,0.09016393442622951,0.74462890625,0-1%
image_759.h5,2902,579,27,12876,0.8272519954389966,0.9054602184087364,0.8336684860672221,0.99078183680437,17.877197265625,>5%
image_760.h5,34,0,48,16302,0.4146341463414634,0.5862068965517241,1.0,0.4146341463414634,0.50048828125,0-1%
image_761.h5,2,11,108,16263,0.01652892561983471,0.032520325203252036,0.15384615384615385,0.01818181818181818,0.67138671875,0-1%
image_762.h5,102,52,188,16042,0.2982456140350877,0.4594594594594595,0.6623376623376623,0.35172413793103446,1.77001953125,1-3%
image_763.h5,575,175,335,15299,0.5299539170506913,0.6927710843373494,0.7666666666666667,0.6318681318681318,5.55419921875,>5%
image_764.h5,0,66,7,16311,0.0,0.0,0.0,0.0,0.042724609375,0-1%
image_765.h5,106,169,146,15963,0.2517814726840855,0.40227703984819735,0.38545454545454544,0.42063492063492064,1.5380859375,1-3%
image_766.h5,0,71,9,16304,0.0,0.0,0.0,0.0,0.054931640625,0-1%
image_767.h5,0,0,0,16384,0.0,0.0,0.0,0.0,0.0,0-1%
image_768.h5,352,83,136,15813,0.6164623467600701,0.7627302275189599,0.8091954022988506,0.7213114754098361,2.978515625,1-3%
image_769.h5,0,357,0,16027,0.0,0.0,0.0,0.0,0.0,0-1%
image_770.h5,0,0,0,16384,0.0,0.0,0.0,0.0,0.0,0-1%
image_771.h5,8,0,32,16344,0.2,0.3333333333333333,1.0,0.2,0.244140625,0-1%
image_772.h5,119,285,6,15974,0.29024390243902437,0.4499054820415879,0.29455445544554454,0.952,0.762939453125,0-1%
image_773.h5,0,0,90,16294,0.0,0.0,0.0,0.0,0.54931640625,0-1%
image_774.h5,2512,2347,205,11320,0.4960505529225908,0.6631467793030623,0.5169788022226796,0.9245491350754509,16.583251953125,>5%
image_775.h5,275,245,50,15814,0.4824561403508772,0.650887573964497,0.5288461538461539,0.8461538461538461,1.983642578125,1-3%
image_776.h5,0,0,0,16384,0.0,0.0,0.0,0.0,0.0,0-1%
image_777.h5,54,60,51,16219,0.32727272727272727,0.4931506849315068,0.47368421052631576,0.5142857142857142,0.640869140625,0-1%
image_778.h5,0,0,40,16344,0.0,0.0,0.0,0.0,0.244140625,0-1%
image_779.h5,992,1062,262,14068,0.4283246977547496,0.599758162031439,0.48296007789678674,0.7910685805422647,7.65380859375,>5%
image_780.h5,553,363,403,15065,0.41925701288855194,0.5908119658119658,0.6037117903930131,0.5784518828451883,5.8349609375,>5%
image_781.h5,111,16,288,15969,0.2674698795180723,0.4220532319391635,0.8740157480314961,0.2781954887218045,2.435302734375,1-3%
image_782.h5,2903,641,418,12422,0.7327107521453812,0.8457392571012382,0.8191309255079007,0.8741342968985245,20.269775390625,>5%
image_783.h5,1,0,282,16101,0.0035335689045936395,0.007042253521126761,1.0,0.0035335689045936395,1.727294921875,1-3%
image_784.h5,0,0,44,16340,0.0,0.0,0.0,0.0,0.2685546875,0-1%
image_785.h5,38,70,100,16176,0.18269230769230768,0.3089430894308943,0.35185185185185186,0.2753623188405797,0.84228515625,0-1%
image_786.h5,1266,307,970,13841,0.49783720015729455,0.6647414019427671,0.8048315321042594,0.5661896243291592,13.6474609375,>5%
image_787.h5,115,61,77,16131,0.45454545454545453,0.625,0.6534090909090909,0.5989583333333334,1.171875,1-3%
image_788.h5,0,0,137,16247,0.0,0.0,0.0,0.0,0.836181640625,0-1%
image_789.h5,39,12,156,16177,0.18840579710144928,0.3170731707317073,0.7647058823529411,0.2,1.190185546875,1-3%
image_790.h5,0,0,5,16379,0.0,0.0,0.0,0.0,0.030517578125,0-1%
image_791.h5,25,12,111,16236,0.16891891891891891,0.28901734104046245,0.6756756756756757,0.18382352941176472,0.830078125,0-1%
image_792.h5,86,31,67,16200,0.4673913043478261,0.6370370370370371,0.7350427350427351,0.5620915032679739,0.933837890625,0-1%
image_793.h5,271,36,839,15238,0.23647469458987783,0.3824982357092449,0.8827361563517915,0.24414414414414415,6.77490234375,>5%
image_794.h5,9,0,36,16339,0.2,0.3333333333333333,1.0,0.2,0.274658203125,0-1%
image_795.h5,5,9,22,16348,0.1388888888888889,0.24390243902439024,0.35714285714285715,0.18518518518518517,0.164794921875,0-1%
image_796.h5,329,107,226,15722,0.49697885196374625,0.6639757820383451,0.7545871559633027,0.5927927927927928,3.387451171875,3-5%
image_797.h5,5,1,276,16102,0.01773049645390071,0.03484320557491289,0.8333333333333334,0.017793594306049824,1.715087890625,1-3%
image_798.h5,150,16,205,16013,0.40431266846361186,0.5758157389635317,0.9036144578313253,0.4225352112676056,2.166748046875,1-3%
image_799.h5,181,1115,417,14671,0.10566258026853473,0.191129883843717,0.1396604938271605,0.30267558528428096,3.64990234375,3-5%
image_800.h5,39,28,11,16306,0.5,0.6666666666666666,0.582089552238806,0.78,0.30517578125,0-1%
