TP,FP,FN,TN,IoU,Precision,Recall,F1,Positive_Ratio_%,Area_Group,Sample
0,0,33,16351,0.0,0.0,0.0,0.0,0.201416015625,0-1%,image_1.h5
0,0,13,16371,0.0,0.0,0.0,0.0,0.079345703125,0-1%,image_10.h5
0,353,0,16031,0.0,0.0,0.0,0.0,0.0,0-1%,image_100.h5
0,0,0,16384,0.0,0.0,0.0,0.0,0.0,0-1%,image_101.h5
0,0,0,16384,0.0,0.0,0.0,0.0,0.0,0-1%,image_102.h5
0,4,0,16380,0.0,0.0,0.0,0.0,0.0,0-1%,image_103.h5
0,0,46,16338,0.0,0.0,0.0,0.0,0.28076171875,0-1%,image_104.h5
302,569,57,15456,0.3254310344827586,0.3467278989667049,0.841225626740947,0.49105691056910566,2.191162109375,1-3%,image_105.h5
0,0,0,16384,0.0,0.0,0.0,0.0,0.0,0-1%,image_106.h5
0,0,0,16384,0.0,0.0,0.0,0.0,0.0,0-1%,image_107.h5
0,0,55,16329,0.0,0.0,0.0,0.0,0.335693359375,0-1%,image_108.h5
33,0,126,16225,0.20754716981132076,1.0,0.20754716981132076,0.34375,0.970458984375,0-1%,image_109.h5
111,22,515,15736,0.1712962962962963,0.8345864661654135,0.17731629392971246,0.2924901185770751,3.82080078125,3-5%,image_11.h5
0,61,0,16323,0.0,0.0,0.0,0.0,0.0,0-1%,image_110.h5
0,0,52,16332,0.0,0.0,0.0,0.0,0.3173828125,0-1%,image_111.h5
0,0,0,16384,0.0,0.0,0.0,0.0,0.0,0-1%,image_112.h5
0,0,0,16384,0.0,0.0,0.0,0.0,0.0,0-1%,image_113.h5
5,0,70,16309,0.06666666666666667,1.0,0.06666666666666667,0.125,0.457763671875,0-1%,image_114.h5
0,0,0,16384,0.0,0.0,0.0,0.0,0.0,0-1%,image_115.h5
156,47,403,15778,0.25742574257425743,0.7684729064039408,0.27906976744186046,0.4094488188976378,3.411865234375,3-5%,image_116.h5
0,0,290,16094,0.0,0.0,0.0,0.0,1.77001953125,1-3%,image_117.h5
0,0,0,16384,0.0,0.0,0.0,0.0,0.0,0-1%,image_118.h5
0,0,41,16343,0.0,0.0,0.0,0.0,0.250244140625,0-1%,image_119.h5
0,0,63,16321,0.0,0.0,0.0,0.0,0.384521484375,0-1%,image_12.h5
0,163,7,16214,0.0,0.0,0.0,0.0,0.042724609375,0-1%,image_120.h5
136,50,158,16040,0.3953488372093023,0.7311827956989247,0.46258503401360546,0.5666666666666667,1.79443359375,1-3%,image_121.h5
0,0,339,16045,0.0,0.0,0.0,0.0,2.069091796875,1-3%,image_122.h5
0,0,0,16384,0.0,0.0,0.0,0.0,0.0,0-1%,image_123.h5
0,36,0,16348,0.0,0.0,0.0,0.0,0.0,0-1%,image_124.h5
72,513,26,15773,0.11783960720130933,0.12307692307692308,0.7346938775510204,0.2108345534407028,0.59814453125,0-1%,image_125.h5
0,0,0,16384,0.0,0.0,0.0,0.0,0.0,0-1%,image_126.h5
0,0,88,16296,0.0,0.0,0.0,0.0,0.537109375,0-1%,image_127.h5
15,1108,189,15072,0.011432926829268292,0.013357079252003561,0.07352941176470588,0.02260738507912585,1.2451171875,1-3%,image_128.h5
299,72,34,15979,0.7382716049382716,0.8059299191374663,0.8978978978978979,0.8494318181818182,2.032470703125,1-3%,image_129.h5
0,93,675,15616,0.0,0.0,0.0,0.0,4.119873046875,3-5%,image_13.h5
0,0,658,15726,0.0,0.0,0.0,0.0,4.01611328125,3-5%,image_130.h5
0,0,0,16384,0.0,0.0,0.0,0.0,0.0,0-1%,image_131.h5
730,151,356,15147,0.5901374292643492,0.8286038592508513,0.6721915285451197,0.7422470767666497,6.62841796875,>5%,image_132.h5
0,0,0,16384,0.0,0.0,0.0,0.0,0.0,0-1%,image_133.h5
0,0,0,16384,0.0,0.0,0.0,0.0,0.0,0-1%,image_134.h5
167,80,15,16122,0.6374045801526718,0.6761133603238867,0.9175824175824175,0.7785547785547785,1.11083984375,1-3%,image_135.h5
0,0,0,16384,0.0,0.0,0.0,0.0,0.0,0-1%,image_136.h5
142,11,37,16194,0.7473684210526316,0.9281045751633987,0.7932960893854749,0.8554216867469879,1.092529296875,1-3%,image_137.h5
0,0,0,16384,0.0,0.0,0.0,0.0,0.0,0-1%,image_138.h5
0,0,67,16317,0.0,0.0,0.0,0.0,0.408935546875,0-1%,image_139.h5
0,0,0,16384,0.0,0.0,0.0,0.0,0.0,0-1%,image_14.h5
0,0,95,16289,0.0,0.0,0.0,0.0,0.579833984375,0-1%,image_140.h5
0,0,0,16384,0.0,0.0,0.0,0.0,0.0,0-1%,image_141.h5
0,0,0,16384,0.0,0.0,0.0,0.0,0.0,0-1%,image_142.h5
0,1,66,16317,0.0,0.0,0.0,0.0,0.40283203125,0-1%,image_143.h5
0,0,0,16384,0.0,0.0,0.0,0.0,0.0,0-1%,image_144.h5
185,13,490,15696,0.2688953488372093,0.9343434343434344,0.2740740740740741,0.4238258877434135,4.119873046875,3-5%,image_145.h5
513,447,153,15271,0.4609164420485175,0.534375,0.7702702702702703,0.6309963099630996,4.06494140625,3-5%,image_146.h5
0,0,14,16370,0.0,0.0,0.0,0.0,0.08544921875,0-1%,image_147.h5
0,0,0,16384,0.0,0.0,0.0,0.0,0.0,0-1%,image_148.h5
57,73,710,15544,0.06785714285714285,0.43846153846153846,0.07431551499348109,0.12709030100334448,4.681396484375,3-5%,image_149.h5
159,258,256,15711,0.2362555720653789,0.381294964028777,0.38313253012048193,0.38221153846153844,2.532958984375,1-3%,image_15.h5
0,21,0,16363,0.0,0.0,0.0,0.0,0.0,0-1%,image_150.h5
0,0,480,15904,0.0,0.0,0.0,0.0,2.9296875,1-3%,image_151.h5
36,0,2272,14076,0.01559792027729636,1.0,0.01559792027729636,0.030716723549488054,14.0869140625,>5%,image_152.h5
0,0,0,16384,0.0,0.0,0.0,0.0,0.0,0-1%,image_153.h5
682,206,1105,14391,0.34219769192172605,0.7680180180180181,0.38164521544487967,0.5099065420560748,10.906982421875,>5%,image_154.h5
132,13,218,16021,0.36363636363636365,0.9103448275862069,0.37714285714285717,0.5333333333333333,2.13623046875,1-3%,image_155.h5
236,63,33,16052,0.7108433734939759,0.7892976588628763,0.8773234200743495,0.8309859154929577,1.641845703125,1-3%,image_156.h5
0,0,108,16276,0.0,0.0,0.0,0.0,0.6591796875,0-1%,image_157.h5
0,0,40,16344,0.0,0.0,0.0,0.0,0.244140625,0-1%,image_158.h5
91,6,219,16068,0.2879746835443038,0.9381443298969072,0.29354838709677417,0.44717444717444715,1.89208984375,1-3%,image_159.h5
0,520,2,15862,0.0,0.0,0.0,0.0,0.01220703125,0-1%,image_16.h5
34,0,165,16185,0.1708542713567839,1.0,0.1708542713567839,0.2918454935622318,1.214599609375,1-3%,image_160.h5
0,0,0,16384,0.0,0.0,0.0,0.0,0.0,0-1%,image_161.h5
249,79,340,15716,0.3727544910179641,0.7591463414634146,0.4227504244482173,0.5430752453653217,3.594970703125,3-5%,image_162.h5
310,304,226,15544,0.36904761904761907,0.504885993485342,0.5783582089552238,0.5391304347826087,3.271484375,3-5%,image_163.h5
14,7,50,16313,0.19718309859154928,0.6666666666666666,0.21875,0.32941176470588235,0.390625,0-1%,image_164.h5
728,27,1225,14404,0.36767676767676766,0.9642384105960264,0.3727598566308244,0.5376661742983752,11.920166015625,>5%,image_165.h5
0,0,0,16384,0.0,0.0,0.0,0.0,0.0,0-1%,image_166.h5
26,71,0,16287,0.26804123711340205,0.26804123711340205,1.0,0.42276422764227645,0.15869140625,0-1%,image_167.h5
0,472,0,15912,0.0,0.0,0.0,0.0,0.0,0-1%,image_168.h5
0,0,25,16359,0.0,0.0,0.0,0.0,0.152587890625,0-1%,image_169.h5
0,0,98,16286,0.0,0.0,0.0,0.0,0.59814453125,0-1%,image_17.h5
0,0,41,16343,0.0,0.0,0.0,0.0,0.250244140625,0-1%,image_170.h5
640,47,252,15445,0.6815761448349308,0.9315866084425036,0.7174887892376681,0.8106396453451552,5.4443359375,>5%,image_171.h5
4,4,159,16217,0.023952095808383235,0.5,0.024539877300613498,0.04678362573099415,0.994873046875,0-1%,image_172.h5
0,0,128,16256,0.0,0.0,0.0,0.0,0.78125,0-1%,image_173.h5
826,305,284,14969,0.5837455830388693,0.7303271441202476,0.7441441441441441,0.7371709058456046,6.77490234375,>5%,image_174.h5
0,0,0,16384,0.0,0.0,0.0,0.0,0.0,0-1%,image_175.h5
0,0,0,16384,0.0,0.0,0.0,0.0,0.0,0-1%,image_176.h5
0,0,0,16384,0.0,0.0,0.0,0.0,0.0,0-1%,image_177.h5
0,0,0,16384,0.0,0.0,0.0,0.0,0.0,0-1%,image_178.h5
0,0,10,16374,0.0,0.0,0.0,0.0,0.06103515625,0-1%,image_179.h5
0,0,27,16357,0.0,0.0,0.0,0.0,0.164794921875,0-1%,image_18.h5
0,40,0,16344,0.0,0.0,0.0,0.0,0.0,0-1%,image_180.h5
24,16,50,16294,0.26666666666666666,0.6,0.32432432432432434,0.42105263157894735,0.45166015625,0-1%,image_181.h5
0,363,0,16021,0.0,0.0,0.0,0.0,0.0,0-1%,image_182.h5
0,0,59,16325,0.0,0.0,0.0,0.0,0.360107421875,0-1%,image_183.h5
13,1,289,16081,0.0429042904290429,0.9285714285714286,0.04304635761589404,0.08227848101265822,1.84326171875,1-3%,image_184.h5
139,47,268,15930,0.30616740088105726,0.7473118279569892,0.3415233415233415,0.4688026981450253,2.484130859375,1-3%,image_185.h5
0,0,77,16307,0.0,0.0,0.0,0.0,0.469970703125,0-1%,image_186.h5
0,0,8,16376,0.0,0.0,0.0,0.0,0.048828125,0-1%,image_187.h5
0,0,1107,15277,0.0,0.0,0.0,0.0,6.756591796875,>5%,image_188.h5
6,0,4968,11410,0.0012062726176115801,1.0,0.0012062726176115801,0.0024096385542168677,30.35888671875,>5%,image_189.h5
0,124,0,16260,0.0,0.0,0.0,0.0,0.0,0-1%,image_19.h5
371,91,98,15824,0.6625,0.803030303030303,0.7910447761194029,0.7969924812030075,2.862548828125,1-3%,image_190.h5
0,0,0,16384,0.0,0.0,0.0,0.0,0.0,0-1%,image_191.h5
0,122,1021,15241,0.0,0.0,0.0,0.0,6.231689453125,>5%,image_192.h5
0,21,0,16363,0.0,0.0,0.0,0.0,0.0,0-1%,image_193.h5
1909,410,543,13522,0.66701607267645,0.8231996550237172,0.7785481239804242,0.8002515195975687,14.9658203125,>5%,image_194.h5
185,108,1090,15001,0.13376717281272596,0.6313993174061433,0.1450980392156863,0.23596938775510204,7.781982421875,>5%,image_195.h5
472,47,414,15451,0.5058949624866024,0.9094412331406551,0.5327313769751693,0.6718861209964413,5.40771484375,>5%,image_196.h5
0,0,0,16384,0.0,0.0,0.0,0.0,0.0,0-1%,image_197.h5
0,0,40,16344,0.0,0.0,0.0,0.0,0.244140625,0-1%,image_198.h5
819,966,1841,12758,0.22586872586872586,0.4588235294117647,0.3078947368421053,0.36850393700787404,16.2353515625,>5%,image_199.h5
24,0,794,15566,0.029339853300733496,1.0,0.029339853300733496,0.057007125890736345,4.99267578125,3-5%,image_2.h5
0,0,0,16384,0.0,0.0,0.0,0.0,0.0,0-1%,image_20.h5
0,8,0,16376,0.0,0.0,0.0,0.0,0.0,0-1%,image_200.h5
10,16,27,16331,0.18867924528301888,0.38461538461538464,0.2702702702702703,0.31746031746031744,0.225830078125,0-1%,image_201.h5
0,0,0,16384,0.0,0.0,0.0,0.0,0.0,0-1%,image_202.h5
76,0,1356,14952,0.05307262569832402,1.0,0.05307262569832402,0.10079575596816977,8.740234375,>5%,image_203.h5
0,0,0,16384,0.0,0.0,0.0,0.0,0.0,0-1%,image_204.h5
176,4,191,16013,0.4743935309973046,0.9777777777777777,0.47956403269754766,0.643510054844607,2.239990234375,1-3%,image_205.h5
0,431,0,15953,0.0,0.0,0.0,0.0,0.0,0-1%,image_206.h5
0,655,0,15729,0.0,0.0,0.0,0.0,0.0,0-1%,image_207.h5
0,0,0,16384,0.0,0.0,0.0,0.0,0.0,0-1%,image_208.h5
92,75,178,16039,0.26666666666666666,0.5508982035928144,0.34074074074074073,0.42105263157894735,1.64794921875,1-3%,image_209.h5
0,0,0,16384,0.0,0.0,0.0,0.0,0.0,0-1%,image_21.h5
25,12,36,16311,0.3424657534246575,0.6756756756756757,0.4098360655737705,0.5102040816326531,0.372314453125,0-1%,image_210.h5
0,0,103,16281,0.0,0.0,0.0,0.0,0.628662109375,0-1%,image_211.h5
0,0,0,16384,0.0,0.0,0.0,0.0,0.0,0-1%,image_212.h5
0,366,37,15981,0.0,0.0,0.0,0.0,0.225830078125,0-1%,image_213.h5
0,0,0,16384,0.0,0.0,0.0,0.0,0.0,0-1%,image_214.h5
0,0,0,16384,0.0,0.0,0.0,0.0,0.0,0-1%,image_215.h5
0,989,0,15395,0.0,0.0,0.0,0.0,0.0,0-1%,image_216.h5
0,10,0,16374,0.0,0.0,0.0,0.0,0.0,0-1%,image_217.h5
93,164,501,15626,0.12269129287598944,0.36186770428015563,0.15656565656565657,0.21856639247943596,3.62548828125,3-5%,image_218.h5
0,0,13,16371,0.0,0.0,0.0,0.0,0.079345703125,0-1%,image_219.h5
0,0,1751,14633,0.0,0.0,0.0,0.0,10.687255859375,>5%,image_22.h5
0,0,28,16356,0.0,0.0,0.0,0.0,0.1708984375,0-1%,image_220.h5
272,1127,77,14908,0.1842818428184282,0.19442458899213724,0.7793696275071633,0.3112128146453089,2.130126953125,1-3%,image_221.h5
0,0,58,16326,0.0,0.0,0.0,0.0,0.35400390625,0-1%,image_222.h5
104,866,146,15268,0.0931899641577061,0.10721649484536082,0.416,0.17049180327868851,1.52587890625,1-3%,image_223.h5
0,732,0,15652,0.0,0.0,0.0,0.0,0.0,0-1%,image_224.h5
0,0,0,16384,0.0,0.0,0.0,0.0,0.0,0-1%,image_225.h5
0,0,198,16186,0.0,0.0,0.0,0.0,1.20849609375,1-3%,image_226.h5
0,0,0,16384,0.0,0.0,0.0,0.0,0.0,0-1%,image_227.h5
0,0,166,16218,0.0,0.0,0.0,0.0,1.01318359375,1-3%,image_228.h5
41,0,199,16144,0.17083333333333334,1.0,0.17083333333333334,0.2918149466192171,1.46484375,1-3%,image_229.h5
0,0,276,16108,0.0,0.0,0.0,0.0,1.6845703125,1-3%,image_23.h5
331,134,64,15855,0.6257088846880907,0.7118279569892473,0.8379746835443038,0.7697674418604651,2.410888671875,1-3%,image_230.h5
0,0,70,16314,0.0,0.0,0.0,0.0,0.42724609375,0-1%,image_231.h5
49,216,10,16109,0.1781818181818182,0.18490566037735848,0.8305084745762712,0.30246913580246915,0.360107421875,0-1%,image_232.h5
0,0,8,16376,0.0,0.0,0.0,0.0,0.048828125,0-1%,image_233.h5
0,135,74,16175,0.0,0.0,0.0,0.0,0.45166015625,0-1%,image_234.h5
161,18,54,16151,0.6909871244635193,0.8994413407821229,0.7488372093023256,0.817258883248731,1.312255859375,1-3%,image_235.h5
0,0,0,16384,0.0,0.0,0.0,0.0,0.0,0-1%,image_236.h5
34,82,222,16046,0.10059171597633136,0.29310344827586204,0.1328125,0.1827956989247312,1.5625,1-3%,image_237.h5
0,0,0,16384,0.0,0.0,0.0,0.0,0.0,0-1%,image_238.h5
10,4,129,16241,0.06993006993006994,0.7142857142857143,0.07194244604316546,0.13071895424836602,0.848388671875,0-1%,image_239.h5
51,0,5037,11296,0.010023584905660377,1.0,0.010023584905660377,0.0198482194979568,31.0546875,>5%,image_24.h5
93,24,192,16075,0.30097087378640774,0.7948717948717948,0.3263157894736842,0.4626865671641791,1.739501953125,1-3%,image_240.h5
191,0,252,15941,0.43115124153498874,1.0,0.43115124153498874,0.6025236593059937,2.703857421875,1-3%,image_241.h5
0,0,0,16384,0.0,0.0,0.0,0.0,0.0,0-1%,image_242.h5
0,4,0,16380,0.0,0.0,0.0,0.0,0.0,0-1%,image_243.h5
11,0,58,16315,0.15942028985507245,1.0,0.15942028985507245,0.275,0.421142578125,0-1%,image_244.h5
0,5,138,16241,0.0,0.0,0.0,0.0,0.84228515625,0-1%,image_245.h5
0,0,8,16376,0.0,0.0,0.0,0.0,0.048828125,0-1%,image_246.h5
42,5,239,16098,0.14685314685314685,0.8936170212765957,0.1494661921708185,0.25609756097560976,1.715087890625,1-3%,image_247.h5
31,0,57,16296,0.3522727272727273,1.0,0.3522727272727273,0.5210084033613446,0.537109375,0-1%,image_248.h5
0,0,0,16384,0.0,0.0,0.0,0.0,0.0,0-1%,image_249.h5
157,11,2896,13320,0.051240208877284595,0.9345238095238095,0.05142482803799541,0.09748525302701025,18.634033203125,>5%,image_25.h5
0,0,0,16384,0.0,0.0,0.0,0.0,0.0,0-1%,image_250.h5
7,1,37,16339,0.15555555555555556,0.875,0.1590909090909091,0.2692307692307692,0.2685546875,0-1%,image_251.h5
0,0,0,16384,0.0,0.0,0.0,0.0,0.0,0-1%,image_252.h5
0,0,0,16384,0.0,0.0,0.0,0.0,0.0,0-1%,image_253.h5
0,0,156,16228,0.0,0.0,0.0,0.0,0.9521484375,0-1%,image_254.h5
28,0,61,16295,0.3146067415730337,1.0,0.3146067415730337,0.47863247863247865,0.543212890625,0-1%,image_255.h5
0,0,0,16384,0.0,0.0,0.0,0.0,0.0,0-1%,image_256.h5
121,732,39,15492,0.13565022421524664,0.141852286049238,0.75625,0.2388943731490622,0.9765625,0-1%,image_257.h5
0,0,0,16384,0.0,0.0,0.0,0.0,0.0,0-1%,image_258.h5
0,0,0,16384,0.0,0.0,0.0,0.0,0.0,0-1%,image_259.h5
16,17,273,16078,0.05228758169934641,0.48484848484848486,0.05536332179930796,0.09937888198757763,1.763916015625,1-3%,image_26.h5
0,0,0,16384,0.0,0.0,0.0,0.0,0.0,0-1%,image_260.h5
42,169,21,16152,0.1810344827586207,0.1990521327014218,0.6666666666666666,0.30656934306569344,0.384521484375,0-1%,image_261.h5
0,0,123,16261,0.0,0.0,0.0,0.0,0.750732421875,0-1%,image_262.h5
0,0,13,16371,0.0,0.0,0.0,0.0,0.079345703125,0-1%,image_263.h5
282,326,168,15608,0.3634020618556701,0.46381578947368424,0.6266666666666667,0.5330812854442344,2.74658203125,1-3%,image_264.h5
0,0,0,16384,0.0,0.0,0.0,0.0,0.0,0-1%,image_265.h5
0,0,0,16384,0.0,0.0,0.0,0.0,0.0,0-1%,image_266.h5
207,22,309,15846,0.3847583643122677,0.9039301310043668,0.4011627906976744,0.5557046979865772,3.1494140625,3-5%,image_267.h5
0,0,454,15930,0.0,0.0,0.0,0.0,2.77099609375,1-3%,image_268.h5
0,0,1315,15069,0.0,0.0,0.0,0.0,8.026123046875,>5%,image_269.h5
15,651,645,15073,0.011441647597254004,0.02252252252252252,0.022727272727272728,0.02262443438914027,4.0283203125,3-5%,image_27.h5
0,0,61,16323,0.0,0.0,0.0,0.0,0.372314453125,0-1%,image_270.h5
273,54,313,15744,0.4265625,0.8348623853211009,0.4658703071672355,0.5980284775465499,3.57666015625,3-5%,image_271.h5
419,240,100,15625,0.5520421607378129,0.6358118361153262,0.8073217726396917,0.7113752122241087,3.167724609375,3-5%,image_272.h5
0,283,0,16101,0.0,0.0,0.0,0.0,0.0,0-1%,image_273.h5
0,5,55,16324,0.0,0.0,0.0,0.0,0.335693359375,0-1%,image_274.h5
0,0,95,16289,0.0,0.0,0.0,0.0,0.579833984375,0-1%,image_275.h5
14,1,29,16340,0.3181818181818182,0.9333333333333333,0.32558139534883723,0.4827586206896552,0.262451171875,0-1%,image_276.h5
8,11,78,16287,0.08247422680412371,0.42105263157894735,0.09302325581395349,0.1523809523809524,0.52490234375,0-1%,image_277.h5
12,27,69,16276,0.1111111111111111,0.3076923076923077,0.14814814814814814,0.2,0.494384765625,0-1%,image_278.h5
0,0,4,16380,0.0,0.0,0.0,0.0,0.0244140625,0-1%,image_279.h5
244,429,262,15449,0.2609625668449198,0.362555720653789,0.48221343873517786,0.41391009329940626,3.08837890625,3-5%,image_28.h5
0,0,17,16367,0.0,0.0,0.0,0.0,0.103759765625,0-1%,image_280.h5
0,0,52,16332,0.0,0.0,0.0,0.0,0.3173828125,0-1%,image_281.h5
0,0,0,16384,0.0,0.0,0.0,0.0,0.0,0-1%,image_282.h5
205,172,47,15960,0.4834905660377358,0.5437665782493368,0.8134920634920635,0.6518282988871225,1.5380859375,1-3%,image_283.h5
0,0,0,16384,0.0,0.0,0.0,0.0,0.0,0-1%,image_284.h5
0,0,0,16384,0.0,0.0,0.0,0.0,0.0,0-1%,image_285.h5
0,0,0,16384,0.0,0.0,0.0,0.0,0.0,0-1%,image_286.h5
670,177,232,15305,0.6209453197405005,0.7910271546635183,0.7427937915742794,0.7661520869068039,5.50537109375,>5%,image_287.h5
0,1268,0,15116,0.0,0.0,0.0,0.0,0.0,0-1%,image_288.h5
0,0,0,16384,0.0,0.0,0.0,0.0,0.0,0-1%,image_289.h5
0,164,56,16164,0.0,0.0,0.0,0.0,0.341796875,0-1%,image_29.h5
5,33,193,16153,0.021645021645021644,0.13157894736842105,0.025252525252525252,0.0423728813559322,1.20849609375,1-3%,image_290.h5
78,8,80,16218,0.46987951807228917,0.9069767441860465,0.4936708860759494,0.639344262295082,0.96435546875,0-1%,image_291.h5
0,0,0,16384,0.0,0.0,0.0,0.0,0.0,0-1%,image_292.h5
0,0,0,16384,0.0,0.0,0.0,0.0,0.0,0-1%,image_293.h5
6,0,293,16085,0.020066889632107024,1.0,0.020066889632107024,0.03934426229508197,1.824951171875,1-3%,image_294.h5
0,32,23,16329,0.0,0.0,0.0,0.0,0.140380859375,0-1%,image_295.h5
0,0,22,16362,0.0,0.0,0.0,0.0,0.13427734375,0-1%,image_296.h5
0,0,27,16357,0.0,0.0,0.0,0.0,0.164794921875,0-1%,image_297.h5
8,0,63,16313,0.11267605633802817,1.0,0.11267605633802817,0.20253164556962025,0.433349609375,0-1%,image_298.h5
0,0,0,16384,0.0,0.0,0.0,0.0,0.0,0-1%,image_299.h5
0,0,0,16384,0.0,0.0,0.0,0.0,0.0,0-1%,image_3.h5
16,111,38,16219,0.09696969696969697,0.12598425196850394,0.2962962962962963,0.17679558011049723,0.32958984375,0-1%,image_30.h5
0,0,43,16341,0.0,0.0,0.0,0.0,0.262451171875,0-1%,image_300.h5
138,72,349,15825,0.24686940966010734,0.6571428571428571,0.28336755646817247,0.39598278335724535,2.972412109375,1-3%,image_301.h5
0,0,0,16384,0.0,0.0,0.0,0.0,0.0,0-1%,image_302.h5
0,0,81,16303,0.0,0.0,0.0,0.0,0.494384765625,0-1%,image_303.h5
185,39,36,16124,0.7115384615384616,0.8258928571428571,0.8371040723981901,0.8314606741573034,1.348876953125,1-3%,image_304.h5
0,137,0,16247,0.0,0.0,0.0,0.0,0.0,0-1%,image_305.h5
419,151,11,15803,0.7211703958691911,0.7350877192982456,0.9744186046511628,0.838,2.62451171875,1-3%,image_306.h5
421,156,140,15667,0.5871687587168759,0.729636048526863,0.750445632798574,0.7398945518453427,3.424072265625,3-5%,image_307.h5
0,0,0,16384,0.0,0.0,0.0,0.0,0.0,0-1%,image_308.h5
0,0,0,16384,0.0,0.0,0.0,0.0,0.0,0-1%,image_309.h5
0,0,1844,14540,0.0,0.0,0.0,0.0,11.2548828125,>5%,image_31.h5
0,0,0,16384,0.0,0.0,0.0,0.0,0.0,0-1%,image_310.h5
661,428,62,15233,0.5742832319721981,0.6069788797061524,0.9142461964038727,0.7295805739514348,4.412841796875,3-5%,image_311.h5
0,0,42,16342,0.0,0.0,0.0,0.0,0.25634765625,0-1%,image_312.h5
5,0,1654,14725,0.0030138637733574444,1.0,0.0030138637733574444,0.006009615384615385,10.125732421875,>5%,image_313.h5
0,0,90,16294,0.0,0.0,0.0,0.0,0.54931640625,0-1%,image_314.h5
8,0,936,15440,0.00847457627118644,1.0,0.00847457627118644,0.01680672268907563,5.76171875,>5%,image_315.h5
538,141,77,15628,0.7116402116402116,0.792341678939617,0.8747967479674796,0.8315301391035549,3.753662109375,3-5%,image_316.h5
0,0,0,16384,0.0,0.0,0.0,0.0,0.0,0-1%,image_317.h5
0,0,31,16353,0.0,0.0,0.0,0.0,0.189208984375,0-1%,image_318.h5
51,10,128,16195,0.2698412698412698,0.8360655737704918,0.2849162011173184,0.425,1.092529296875,1-3%,image_319.h5
0,0,0,16384,0.0,0.0,0.0,0.0,0.0,0-1%,image_32.h5
46,20,149,16169,0.21395348837209302,0.696969696969697,0.2358974358974359,0.3524904214559387,1.190185546875,1-3%,image_320.h5
0,0,1,16383,0.0,0.0,0.0,0.0,0.006103515625,0-1%,image_321.h5
0,0,0,16384,0.0,0.0,0.0,0.0,0.0,0-1%,image_322.h5
167,12,164,16041,0.4868804664723032,0.9329608938547486,0.5045317220543807,0.6549019607843137,2.020263671875,1-3%,image_323.h5
128,777,348,15131,0.10215482841181166,0.1414364640883978,0.2689075630252101,0.18537291817523532,2.9052734375,1-3%,image_324.h5
47,2048,38,14251,0.02203469292076887,0.02243436754176611,0.5529411764705883,0.043119266055045874,0.518798828125,0-1%,image_325.h5
0,4,0,16380,0.0,0.0,0.0,0.0,0.0,0-1%,image_326.h5
0,396,17,15971,0.0,0.0,0.0,0.0,0.103759765625,0-1%,image_327.h5
0,0,94,16290,0.0,0.0,0.0,0.0,0.57373046875,0-1%,image_328.h5
0,0,0,16384,0.0,0.0,0.0,0.0,0.0,0-1%,image_329.h5
157,49,32,16146,0.6596638655462185,0.7621359223300971,0.8306878306878307,0.7949367088607595,1.153564453125,1-3%,image_33.h5
0,0,0,16384,0.0,0.0,0.0,0.0,0.0,0-1%,image_330.h5
0,0,0,16384,0.0,0.0,0.0,0.0,0.0,0-1%,image_331.h5
0,29,11538,4817,0.0,0.0,0.0,0.0,70.42236328125,>5%,image_332.h5
112,6,65,16201,0.6120218579234973,0.9491525423728814,0.632768361581921,0.7593220338983051,1.080322265625,1-3%,image_333.h5
152,63,212,15957,0.3559718969555035,0.7069767441860465,0.4175824175824176,0.5250431778929189,2.2216796875,1-3%,image_334.h5
0,24,119,16241,0.0,0.0,0.0,0.0,0.726318359375,0-1%,image_335.h5
1339,660,1880,12505,0.3451920598092292,0.6698349174587294,0.4159676918297608,0.5132234572633193,19.647216796875,>5%,image_336.h5
0,0,0,16384,0.0,0.0,0.0,0.0,0.0,0-1%,image_337.h5
0,0,0,16384,0.0,0.0,0.0,0.0,0.0,0-1%,image_338.h5
0,0,0,16384,0.0,0.0,0.0,0.0,0.0,0-1%,image_339.h5
101,27,269,15987,0.25440806045340053,0.7890625,0.27297297297297296,0.40562248995983935,2.25830078125,1-3%,image_34.h5
0,0,20,16364,0.0,0.0,0.0,0.0,0.1220703125,0-1%,image_340.h5
0,0,210,16174,0.0,0.0,0.0,0.0,1.28173828125,1-3%,image_341.h5
337,37,123,15887,0.6780684104627767,0.9010695187165776,0.7326086956521739,0.8081534772182254,2.8076171875,1-3%,image_342.h5
0,0,0,16384,0.0,0.0,0.0,0.0,0.0,0-1%,image_343.h5
4,0,281,16099,0.014035087719298246,1.0,0.014035087719298246,0.02768166089965398,1.739501953125,1-3%,image_344.h5
0,0,43,16341,0.0,0.0,0.0,0.0,0.262451171875,0-1%,image_345.h5
0,0,0,16384,0.0,0.0,0.0,0.0,0.0,0-1%,image_346.h5
25,6,66,16287,0.25773195876288657,0.8064516129032258,0.27472527472527475,0.4098360655737705,0.555419921875,0-1%,image_347.h5
0,0,0,16384,0.0,0.0,0.0,0.0,0.0,0-1%,image_348.h5
0,0,189,16195,0.0,0.0,0.0,0.0,1.153564453125,1-3%,image_349.h5
0,0,0,16384,0.0,0.0,0.0,0.0,0.0,0-1%,image_35.h5
0,0,0,16384,0.0,0.0,0.0,0.0,0.0,0-1%,image_350.h5
0,0,54,16330,0.0,0.0,0.0,0.0,0.32958984375,0-1%,image_351.h5
0,0,242,16142,0.0,0.0,0.0,0.0,1.47705078125,1-3%,image_352.h5
1,0,67,16316,0.014705882352941176,1.0,0.014705882352941176,0.028985507246376812,0.4150390625,0-1%,image_353.h5
0,0,0,16384,0.0,0.0,0.0,0.0,0.0,0-1%,image_354.h5
0,8,0,16376,0.0,0.0,0.0,0.0,0.0,0-1%,image_355.h5
0,0,0,16384,0.0,0.0,0.0,0.0,0.0,0-1%,image_356.h5
0,0,18,16366,0.0,0.0,0.0,0.0,0.10986328125,0-1%,image_357.h5
0,0,83,16301,0.0,0.0,0.0,0.0,0.506591796875,0-1%,image_358.h5
44,126,95,16119,0.1660377358490566,0.25882352941176473,0.31654676258992803,0.284789644012945,0.848388671875,0-1%,image_359.h5
0,0,482,15902,0.0,0.0,0.0,0.0,2.94189453125,1-3%,image_36.h5
0,0,106,16278,0.0,0.0,0.0,0.0,0.64697265625,0-1%,image_360.h5
0,1,0,16383,0.0,0.0,0.0,0.0,0.0,0-1%,image_361.h5
600,73,3906,11805,0.1310329766324525,0.8915304606240714,0.13315579227696406,0.2317049623479436,27.50244140625,>5%,image_362.h5
1,24,69,16290,0.010638297872340425,0.04,0.014285714285714285,0.021052631578947368,0.42724609375,0-1%,image_363.h5
0,0,772,15612,0.0,0.0,0.0,0.0,4.7119140625,3-5%,image_364.h5
202,156,45,15981,0.5012406947890818,0.5642458100558659,0.8178137651821862,0.6677685950413224,1.507568359375,1-3%,image_365.h5
187,65,116,16016,0.5081521739130435,0.7420634920634921,0.6171617161716172,0.6738738738738739,1.849365234375,1-3%,image_366.h5
0,0,245,16139,0.0,0.0,0.0,0.0,1.495361328125,1-3%,image_367.h5
0,16,0,16368,0.0,0.0,0.0,0.0,0.0,0-1%,image_368.h5
0,0,0,16384,0.0,0.0,0.0,0.0,0.0,0-1%,image_369.h5
0,0,110,16274,0.0,0.0,0.0,0.0,0.67138671875,0-1%,image_37.h5
0,0,0,16384,0.0,0.0,0.0,0.0,0.0,0-1%,image_370.h5
0,415,0,15969,0.0,0.0,0.0,0.0,0.0,0-1%,image_371.h5
0,426,19,15939,0.0,0.0,0.0,0.0,0.115966796875,0-1%,image_372.h5
0,0,179,16205,0.0,0.0,0.0,0.0,1.092529296875,1-3%,image_373.h5
0,0,0,16384,0.0,0.0,0.0,0.0,0.0,0-1%,image_374.h5
0,0,0,16384,0.0,0.0,0.0,0.0,0.0,0-1%,image_375.h5
92,1,72,16219,0.5575757575757576,0.989247311827957,0.5609756097560976,0.7159533073929961,1.0009765625,1-3%,image_376.h5
0,0,0,16384,0.0,0.0,0.0,0.0,0.0,0-1%,image_377.h5
0,0,0,16384,0.0,0.0,0.0,0.0,0.0,0-1%,image_378.h5
350,332,290,15412,0.360082304526749,0.5131964809384164,0.546875,0.529500756429652,3.90625,3-5%,image_379.h5
182,4,663,15535,0.2143698468786808,0.978494623655914,0.2153846153846154,0.3530552861299709,5.157470703125,>5%,image_38.h5
0,0,20,16364,0.0,0.0,0.0,0.0,0.1220703125,0-1%,image_380.h5
138,2025,65,14156,0.06193895870736086,0.0638002773925104,0.6798029556650246,0.11665257819103973,1.239013671875,1-3%,image_381.h5
0,0,147,16237,0.0,0.0,0.0,0.0,0.897216796875,0-1%,image_382.h5
0,0,0,16384,0.0,0.0,0.0,0.0,0.0,0-1%,image_383.h5
41,2,56,16285,0.41414141414141414,0.9534883720930233,0.422680412371134,0.5857142857142857,0.592041015625,0-1%,image_384.h5
0,0,0,16384,0.0,0.0,0.0,0.0,0.0,0-1%,image_385.h5
0,0,0,16384,0.0,0.0,0.0,0.0,0.0,0-1%,image_386.h5
16,30,79,16259,0.128,0.34782608695652173,0.16842105263157894,0.22695035460992907,0.579833984375,0-1%,image_387.h5
0,12,0,16372,0.0,0.0,0.0,0.0,0.0,0-1%,image_388.h5
0,6,0,16378,0.0,0.0,0.0,0.0,0.0,0-1%,image_389.h5
0,0,0,16384,0.0,0.0,0.0,0.0,0.0,0-1%,image_39.h5
0,0,0,16384,0.0,0.0,0.0,0.0,0.0,0-1%,image_390.h5
0,0,0,16384,0.0,0.0,0.0,0.0,0.0,0-1%,image_391.h5
359,255,16,15754,0.5698412698412698,0.5846905537459284,0.9573333333333334,0.7259858442871587,2.288818359375,1-3%,image_392.h5
13,3,5,16363,0.6190476190476191,0.8125,0.7222222222222222,0.7647058823529411,0.10986328125,0-1%,image_393.h5
0,0,34,16350,0.0,0.0,0.0,0.0,0.20751953125,0-1%,image_394.h5
661,32,457,15234,0.5747826086956521,0.9538239538239538,0.5912343470483006,0.7299834345665378,6.82373046875,>5%,image_395.h5
603,223,256,15302,0.5573012939001848,0.7300242130750605,0.7019790454016298,0.715727002967359,5.242919921875,>5%,image_396.h5
0,0,0,16384,0.0,0.0,0.0,0.0,0.0,0-1%,image_397.h5
7,67,680,15630,0.009283819628647215,0.0945945945945946,0.010189228529839884,0.018396846254927726,4.193115234375,3-5%,image_398.h5
11,0,425,15948,0.02522935779816514,1.0,0.02522935779816514,0.049217002237136466,2.6611328125,1-3%,image_399.h5
0,0,1228,15156,0.0,0.0,0.0,0.0,7.4951171875,>5%,image_4.h5
550,8,163,15663,0.7628294036061026,0.985663082437276,0.7713884992987378,0.8654602675059009,4.351806640625,3-5%,image_40.h5
49,397,146,15792,0.08277027027027027,0.10986547085201794,0.2512820512820513,0.15288611544461778,1.190185546875,1-3%,image_400.h5
12,0,11,16361,0.5217391304347826,1.0,0.5217391304347826,0.6857142857142857,0.140380859375,0-1%,image_401.h5
81,11,142,16150,0.34615384615384615,0.8804347826086957,0.3632286995515695,0.5142857142857142,1.361083984375,1-3%,image_402.h5
31,14,45,16294,0.34444444444444444,0.6888888888888889,0.40789473684210525,0.512396694214876,0.4638671875,0-1%,image_403.h5
0,44,42,16298,0.0,0.0,0.0,0.0,0.25634765625,0-1%,image_404.h5
8,67,27,16282,0.0784313725490196,0.10666666666666667,0.22857142857142856,0.14545454545454545,0.213623046875,0-1%,image_405.h5
0,0,0,16384,0.0,0.0,0.0,0.0,0.0,0-1%,image_406.h5
0,0,0,16384,0.0,0.0,0.0,0.0,0.0,0-1%,image_407.h5
266,758,92,15268,0.23835125448028674,0.259765625,0.7430167597765364,0.3849493487698987,2.18505859375,1-3%,image_408.h5
0,0,35,16349,0.0,0.0,0.0,0.0,0.213623046875,0-1%,image_409.h5
227,15,3124,13018,0.06743909685086155,0.9380165289256198,0.06774097284392719,0.12635680489841358,20.452880859375,>5%,image_41.h5
189,482,239,15474,0.2076923076923077,0.2816691505216095,0.441588785046729,0.34394904458598724,2.6123046875,1-3%,image_410.h5
392,75,212,15705,0.5773195876288659,0.8394004282655246,0.6490066225165563,0.7320261437908496,3.6865234375,3-5%,image_411.h5
274,40,126,15944,0.6227272727272727,0.8726114649681529,0.685,0.7675070028011205,2.44140625,1-3%,image_412.h5
11,1027,2,15344,0.010576923076923078,0.010597302504816955,0.8461538461538461,0.02093244529019981,0.079345703125,0-1%,image_413.h5
87,27,98,16172,0.41037735849056606,0.7631578947368421,0.4702702702702703,0.5819397993311036,1.129150390625,1-3%,image_414.h5
0,0,0,16384,0.0,0.0,0.0,0.0,0.0,0-1%,image_415.h5
26,63,310,15985,0.06516290726817042,0.29213483146067415,0.07738095238095238,0.1223529411764706,2.05078125,1-3%,image_416.h5
0,70,26,16288,0.0,0.0,0.0,0.0,0.15869140625,0-1%,image_417.h5
0,0,0,16384,0.0,0.0,0.0,0.0,0.0,0-1%,image_418.h5
0,0,0,16384,0.0,0.0,0.0,0.0,0.0,0-1%,image_419.h5
249,13,385,15737,0.3848531684698609,0.950381679389313,0.39274447949526814,0.5558035714285714,3.86962890625,3-5%,image_42.h5
140,38,85,16121,0.532319391634981,0.7865168539325843,0.6222222222222222,0.6947890818858561,1.373291015625,1-3%,image_420.h5
0,0,0,16384,0.0,0.0,0.0,0.0,0.0,0-1%,image_421.h5
6,1214,17,15147,0.004850444624090542,0.004918032786885246,0.2608695652173913,0.009654062751407884,0.140380859375,0-1%,image_422.h5
0,0,0,16384,0.0,0.0,0.0,0.0,0.0,0-1%,image_423.h5
79,5,258,16042,0.2309941520467836,0.9404761904761905,0.2344213649851632,0.3752969121140142,2.056884765625,1-3%,image_424.h5
0,9,0,16375,0.0,0.0,0.0,0.0,0.0,0-1%,image_425.h5
160,142,57,16025,0.4456824512534819,0.5298013245033113,0.7373271889400922,0.6165703275529865,1.324462890625,1-3%,image_426.h5
32,2,36,16314,0.45714285714285713,0.9411764705882353,0.47058823529411764,0.6274509803921569,0.4150390625,0-1%,image_427.h5
0,0,0,16384,0.0,0.0,0.0,0.0,0.0,0-1%,image_428.h5
17,0,343,16024,0.04722222222222222,1.0,0.04722222222222222,0.09018567639257294,2.197265625,1-3%,image_429.h5
0,0,0,16384,0.0,0.0,0.0,0.0,0.0,0-1%,image_43.h5
0,0,0,16384,0.0,0.0,0.0,0.0,0.0,0-1%,image_430.h5
0,0,62,16322,0.0,0.0,0.0,0.0,0.37841796875,0-1%,image_431.h5
925,33,329,15097,0.7187257187257188,0.965553235908142,0.7376395534290271,0.8363471971066908,7.65380859375,>5%,image_432.h5
10,0,72,16302,0.12195121951219512,1.0,0.12195121951219512,0.21739130434782608,0.50048828125,0-1%,image_433.h5
0,0,24,16360,0.0,0.0,0.0,0.0,0.146484375,0-1%,image_434.h5
0,0,818,15566,0.0,0.0,0.0,0.0,4.99267578125,3-5%,image_435.h5
0,0,0,16384,0.0,0.0,0.0,0.0,0.0,0-1%,image_436.h5
0,0,0,16384,0.0,0.0,0.0,0.0,0.0,0-1%,image_437.h5
0,11,0,16373,0.0,0.0,0.0,0.0,0.0,0-1%,image_438.h5
74,283,252,15775,0.12151067323481117,0.20728291316526612,0.22699386503067484,0.21669106881405564,1.98974609375,1-3%,image_439.h5
0,0,0,16384,0.0,0.0,0.0,0.0,0.0,0-1%,image_44.h5
180,208,172,15824,0.32142857142857145,0.4639175257731959,0.5113636363636364,0.4864864864864865,2.1484375,1-3%,image_440.h5
35,342,9,15998,0.09067357512953368,0.09283819628647215,0.7954545454545454,0.166270783847981,0.2685546875,0-1%,image_441.h5
0,0,0,16384,0.0,0.0,0.0,0.0,0.0,0-1%,image_442.h5
0,712,0,15672,0.0,0.0,0.0,0.0,0.0,0-1%,image_443.h5
0,129,0,16255,0.0,0.0,0.0,0.0,0.0,0-1%,image_444.h5
0,0,0,16384,0.0,0.0,0.0,0.0,0.0,0-1%,image_445.h5
0,0,0,16384,0.0,0.0,0.0,0.0,0.0,0-1%,image_446.h5
0,0,96,16288,0.0,0.0,0.0,0.0,0.5859375,0-1%,image_447.h5
0,0,0,16384,0.0,0.0,0.0,0.0,0.0,0-1%,image_448.h5
10,11,72,16291,0.10752688172043011,0.47619047619047616,0.12195121951219512,0.1941747572815534,0.50048828125,0-1%,image_449.h5
0,292,0,16092,0.0,0.0,0.0,0.0,0.0,0-1%,image_45.h5
204,801,59,15320,0.19172932330827067,0.20298507462686566,0.7756653992395437,0.3217665615141956,1.605224609375,1-3%,image_450.h5
0,0,0,16384,0.0,0.0,0.0,0.0,0.0,0-1%,image_451.h5
0,261,0,16123,0.0,0.0,0.0,0.0,0.0,0-1%,image_452.h5
587,474,169,15154,0.4772357723577236,0.5532516493873704,0.7764550264550265,0.6461199779856907,4.6142578125,3-5%,image_453.h5
280,117,76,15911,0.5919661733615222,0.7052896725440806,0.7865168539325843,0.7436918990703851,2.1728515625,1-3%,image_454.h5
33,856,0,15495,0.03712035995500562,0.03712035995500562,1.0,0.07158351409978309,0.201416015625,0-1%,image_455.h5
0,0,0,16384,0.0,0.0,0.0,0.0,0.0,0-1%,image_456.h5
31,1,15,16337,0.6595744680851063,0.96875,0.6739130434782609,0.7948717948717948,0.28076171875,0-1%,image_457.h5
0,370,11,16003,0.0,0.0,0.0,0.0,0.067138671875,0-1%,image_458.h5
0,0,0,16384,0.0,0.0,0.0,0.0,0.0,0-1%,image_459.h5
0,0,89,16295,0.0,0.0,0.0,0.0,0.543212890625,0-1%,image_46.h5
0,0,11,16373,0.0,0.0,0.0,0.0,0.067138671875,0-1%,image_460.h5
0,0,0,16384,0.0,0.0,0.0,0.0,0.0,0-1%,image_461.h5
35,0,1061,15288,0.03193430656934307,1.0,0.03193430656934307,0.0618921308576481,6.689453125,>5%,image_462.h5
0,17,0,16367,0.0,0.0,0.0,0.0,0.0,0-1%,image_463.h5
0,20,0,16364,0.0,0.0,0.0,0.0,0.0,0-1%,image_464.h5
0,5,0,16379,0.0,0.0,0.0,0.0,0.0,0-1%,image_465.h5
0,152,0,16232,0.0,0.0,0.0,0.0,0.0,0-1%,image_466.h5
0,0,0,16384,0.0,0.0,0.0,0.0,0.0,0-1%,image_467.h5
297,34,36,16017,0.8092643051771117,0.8972809667673716,0.8918918918918919,0.8945783132530121,2.032470703125,1-3%,image_468.h5
8,3,137,16236,0.05405405405405406,0.7272727272727273,0.05517241379310345,0.10256410256410256,0.885009765625,0-1%,image_469.h5
0,0,0,16384,0.0,0.0,0.0,0.0,0.0,0-1%,image_47.h5
0,2,42,16340,0.0,0.0,0.0,0.0,0.25634765625,0-1%,image_470.h5
407,814,761,14402,0.2053481331987891,0.3333333333333333,0.348458904109589,0.34072833821682713,7.12890625,>5%,image_471.h5
0,626,0,15758,0.0,0.0,0.0,0.0,0.0,0-1%,image_472.h5
0,122,0,16262,0.0,0.0,0.0,0.0,0.0,0-1%,image_473.h5
81,7,64,16232,0.5328947368421053,0.9204545454545454,0.5586206896551724,0.6952789699570815,0.885009765625,0-1%,image_474.h5
21,2,12,16349,0.6,0.9130434782608695,0.6363636363636364,0.75,0.201416015625,0-1%,image_475.h5
9,1,33,16341,0.20930232558139536,0.9,0.21428571428571427,0.34615384615384615,0.25634765625,0-1%,image_476.h5
808,233,119,15224,0.696551724137931,0.7761767531219981,0.8716289104638619,0.8211382113821138,5.657958984375,>5%,image_477.h5
25,0,206,16153,0.10822510822510822,1.0,0.10822510822510822,0.1953125,1.409912109375,1-3%,image_478.h5
0,0,0,16384,0.0,0.0,0.0,0.0,0.0,0-1%,image_479.h5
118,71,13,16182,0.5841584158415841,0.6243386243386243,0.9007633587786259,0.7375,0.799560546875,0-1%,image_48.h5
0,177,0,16207,0.0,0.0,0.0,0.0,0.0,0-1%,image_480.h5
0,14,0,16370,0.0,0.0,0.0,0.0,0.0,0-1%,image_481.h5
0,27,0,16357,0.0,0.0,0.0,0.0,0.0,0-1%,image_482.h5
0,0,99,16285,0.0,0.0,0.0,0.0,0.604248046875,0-1%,image_483.h5
0,1,0,16383,0.0,0.0,0.0,0.0,0.0,0-1%,image_484.h5
0,0,0,16384,0.0,0.0,0.0,0.0,0.0,0-1%,image_485.h5
0,0,0,16384,0.0,0.0,0.0,0.0,0.0,0-1%,image_486.h5
0,77,0,16307,0.0,0.0,0.0,0.0,0.0,0-1%,image_487.h5
0,0,56,16328,0.0,0.0,0.0,0.0,0.341796875,0-1%,image_488.h5
31,4,8,16341,0.7209302325581395,0.8857142857142857,0.7948717948717948,0.8378378378378378,0.238037109375,0-1%,image_489.h5
18,55,17,16294,0.2,0.2465753424657534,0.5142857142857142,0.3333333333333333,0.213623046875,0-1%,image_49.h5
0,0,0,16384,0.0,0.0,0.0,0.0,0.0,0-1%,image_490.h5
155,27,6051,10151,0.024867639980747633,0.8516483516483516,0.024975829842088303,0.04852849092047589,37.87841796875,>5%,image_491.h5
0,0,101,16283,0.0,0.0,0.0,0.0,0.616455078125,0-1%,image_492.h5
0,0,0,16384,0.0,0.0,0.0,0.0,0.0,0-1%,image_493.h5
39,0,206,16139,0.15918367346938775,1.0,0.15918367346938775,0.2746478873239437,1.495361328125,1-3%,image_494.h5
0,85,0,16299,0.0,0.0,0.0,0.0,0.0,0-1%,image_495.h5
80,38,71,16195,0.42328042328042326,0.6779661016949152,0.5298013245033113,0.5947955390334573,0.921630859375,0-1%,image_496.h5
857,126,298,15103,0.6690085870413739,0.8718209562563581,0.741991341991342,0.8016838166510758,7.049560546875,>5%,image_497.h5
0,0,0,16384,0.0,0.0,0.0,0.0,0.0,0-1%,image_498.h5
0,0,0,16384,0.0,0.0,0.0,0.0,0.0,0-1%,image_499.h5
124,24,843,15393,0.12512613521695257,0.8378378378378378,0.1282316442605998,0.22242152466367712,5.902099609375,>5%,image_5.h5
0,0,0,16384,0.0,0.0,0.0,0.0,0.0,0-1%,image_50.h5
0,32,84,16268,0.0,0.0,0.0,0.0,0.5126953125,0-1%,image_500.h5
16,0,627,15741,0.024883359253499222,1.0,0.024883359253499222,0.048558421851289835,3.924560546875,3-5%,image_501.h5
0,0,0,16384,0.0,0.0,0.0,0.0,0.0,0-1%,image_502.h5
0,0,912,15472,0.0,0.0,0.0,0.0,5.56640625,>5%,image_503.h5
61,1,432,15890,0.12348178137651822,0.9838709677419355,0.12373225152129817,0.21981981981981982,3.009033203125,3-5%,image_504.h5
1032,137,1464,13751,0.3919483478921382,0.8828058169375534,0.41346153846153844,0.5631650750341064,15.234375,>5%,image_505.h5
74,15,22,16273,0.6666666666666666,0.8314606741573034,0.7708333333333334,0.8,0.5859375,0-1%,image_506.h5
75,57,5,16247,0.5474452554744526,0.5681818181818182,0.9375,0.7075471698113207,0.48828125,0-1%,image_507.h5
0,0,54,16330,0.0,0.0,0.0,0.0,0.32958984375,0-1%,image_508.h5
0,273,0,16111,0.0,0.0,0.0,0.0,0.0,0-1%,image_509.h5
18,36,8,16322,0.2903225806451613,0.3333333333333333,0.6923076923076923,0.45,0.15869140625,0-1%,image_51.h5
84,39,278,15983,0.20947630922693267,0.6829268292682927,0.23204419889502761,0.3463917525773196,2.20947265625,1-3%,image_510.h5
0,0,17,16367,0.0,0.0,0.0,0.0,0.103759765625,0-1%,image_511.h5
0,0,0,16384,0.0,0.0,0.0,0.0,0.0,0-1%,image_512.h5
0,0,0,16384,0.0,0.0,0.0,0.0,0.0,0-1%,image_513.h5
6,0,12,16366,0.3333333333333333,1.0,0.3333333333333333,0.5,0.10986328125,0-1%,image_514.h5
0,8,0,16376,0.0,0.0,0.0,0.0,0.0,0-1%,image_515.h5
7,0,323,16054,0.021212121212121213,1.0,0.021212121212121213,0.04154302670623145,2.01416015625,1-3%,image_516.h5
0,0,48,16336,0.0,0.0,0.0,0.0,0.29296875,0-1%,image_517.h5
155,64,90,16075,0.5016181229773463,0.7077625570776256,0.6326530612244898,0.6681034482758621,1.495361328125,1-3%,image_518.h5
28,272,100,15984,0.07,0.09333333333333334,0.21875,0.1308411214953271,0.78125,0-1%,image_519.h5
28,218,11,16127,0.10894941634241245,0.11382113821138211,0.717948717948718,0.19649122807017544,0.238037109375,0-1%,image_52.h5
69,1047,69,15199,0.05822784810126582,0.06182795698924731,0.5,0.11004784688995216,0.84228515625,0-1%,image_520.h5
271,83,191,15839,0.4972477064220184,0.7655367231638418,0.5865800865800865,0.6642156862745098,2.81982421875,1-3%,image_521.h5
64,10,153,16157,0.28193832599118945,0.8648648648648649,0.29493087557603687,0.43986254295532645,1.324462890625,1-3%,image_522.h5
0,7,57,16320,0.0,0.0,0.0,0.0,0.347900390625,0-1%,image_523.h5
0,0,0,16384,0.0,0.0,0.0,0.0,0.0,0-1%,image_524.h5
0,0,0,16384,0.0,0.0,0.0,0.0,0.0,0-1%,image_525.h5
0,4,78,16302,0.0,0.0,0.0,0.0,0.47607421875,0-1%,image_526.h5
10,0,207,16167,0.04608294930875576,1.0,0.04608294930875576,0.0881057268722467,1.324462890625,1-3%,image_527.h5
372,92,291,15629,0.49271523178807947,0.8017241379310345,0.5610859728506787,0.6601597160603372,4.046630859375,3-5%,image_528.h5
0,0,0,16384,0.0,0.0,0.0,0.0,0.0,0-1%,image_529.h5
30,250,259,15845,0.055658627087198514,0.10714285714285714,0.10380622837370242,0.1054481546572935,1.763916015625,1-3%,image_53.h5
369,3,594,15418,0.38198757763975155,0.9919354838709677,0.38317757009345793,0.5528089887640449,5.877685546875,>5%,image_530.h5
26,113,37,16208,0.14772727272727273,0.18705035971223022,0.4126984126984127,0.25742574257425743,0.384521484375,0-1%,image_531.h5
49,7,19,16309,0.6533333333333333,0.875,0.7205882352941176,0.7903225806451613,0.4150390625,0-1%,image_532.h5
0,0,0,16384,0.0,0.0,0.0,0.0,0.0,0-1%,image_533.h5
0,0,0,16384,0.0,0.0,0.0,0.0,0.0,0-1%,image_534.h5
92,4,144,16144,0.38333333333333336,0.9583333333333334,0.3898305084745763,0.5542168674698795,1.4404296875,1-3%,image_535.h5
400,61,84,15839,0.7339449541284404,0.8676789587852495,0.8264462809917356,0.8465608465608465,2.9541015625,1-3%,image_536.h5
393,65,157,15769,0.6390243902439025,0.8580786026200873,0.7145454545454546,0.7797619047619048,3.35693359375,3-5%,image_537.h5
3,2,29,16350,0.08823529411764706,0.6,0.09375,0.16216216216216217,0.1953125,0-1%,image_538.h5
0,0,0,16384,0.0,0.0,0.0,0.0,0.0,0-1%,image_539.h5
0,0,5,16379,0.0,0.0,0.0,0.0,0.030517578125,0-1%,image_54.h5
0,0,0,16384,0.0,0.0,0.0,0.0,0.0,0-1%,image_540.h5
0,0,0,16384,0.0,0.0,0.0,0.0,0.0,0-1%,image_541.h5
0,0,218,16166,0.0,0.0,0.0,0.0,1.33056640625,1-3%,image_542.h5
62,0,158,16164,0.2818181818181818,1.0,0.2818181818181818,0.4397163120567376,1.3427734375,1-3%,image_543.h5
0,0,0,16384,0.0,0.0,0.0,0.0,0.0,0-1%,image_544.h5
433,106,271,15574,0.5345679012345679,0.8033395176252319,0.6150568181818182,0.6967015285599356,4.296875,3-5%,image_545.h5
0,0,52,16332,0.0,0.0,0.0,0.0,0.3173828125,0-1%,image_546.h5
232,53,41,16058,0.7116564417177914,0.8140350877192982,0.8498168498168498,0.8315412186379928,1.666259765625,1-3%,image_547.h5
17,76,54,16237,0.11564625850340136,0.1827956989247312,0.23943661971830985,0.2073170731707317,0.433349609375,0-1%,image_548.h5
0,0,0,16384,0.0,0.0,0.0,0.0,0.0,0-1%,image_549.h5
470,51,1181,14682,0.27614571092831963,0.9021113243761996,0.28467595396729256,0.43278084714548803,10.076904296875,>5%,image_55.h5
0,0,0,16384,0.0,0.0,0.0,0.0,0.0,0-1%,image_550.h5
924,226,175,15059,0.6973584905660377,0.8034782608695652,0.8407643312101911,0.8216985326811916,6.707763671875,>5%,image_551.h5
0,0,0,16384,0.0,0.0,0.0,0.0,0.0,0-1%,image_552.h5
0,1497,0,14887,0.0,0.0,0.0,0.0,0.0,0-1%,image_553.h5
74,402,84,15824,0.13214285714285715,0.15546218487394958,0.46835443037974683,0.2334384858044164,0.96435546875,0-1%,image_554.h5
0,0,42,16342,0.0,0.0,0.0,0.0,0.25634765625,0-1%,image_555.h5
0,0,748,15636,0.0,0.0,0.0,0.0,4.5654296875,3-5%,image_556.h5
0,0,0,16384,0.0,0.0,0.0,0.0,0.0,0-1%,image_557.h5
0,0,0,16384,0.0,0.0,0.0,0.0,0.0,0-1%,image_558.h5
0,0,154,16230,0.0,0.0,0.0,0.0,0.93994140625,0-1%,image_559.h5
1,0,45,16338,0.021739130434782608,1.0,0.021739130434782608,0.0425531914893617,0.28076171875,0-1%,image_56.h5
0,0,0,16384,0.0,0.0,0.0,0.0,0.0,0-1%,image_560.h5
0,0,26,16358,0.0,0.0,0.0,0.0,0.15869140625,0-1%,image_561.h5
6,1,481,15896,0.012295081967213115,0.8571428571428571,0.012320328542094456,0.024291497975708502,2.972412109375,1-3%,image_562.h5
0,0,0,16384,0.0,0.0,0.0,0.0,0.0,0-1%,image_563.h5
299,77,143,15865,0.5761078998073218,0.7952127659574468,0.6764705882352942,0.7310513447432763,2.69775390625,1-3%,image_564.h5
387,1445,316,14236,0.18016759776536312,0.21124454148471616,0.55049786628734,0.30532544378698223,4.290771484375,3-5%,image_565.h5
34,35,158,16157,0.14977973568281938,0.4927536231884058,0.17708333333333334,0.26053639846743293,1.171875,1-3%,image_566.h5
0,0,0,16384,0.0,0.0,0.0,0.0,0.0,0-1%,image_567.h5
0,0,108,16276,0.0,0.0,0.0,0.0,0.6591796875,0-1%,image_568.h5
0,0,0,16384,0.0,0.0,0.0,0.0,0.0,0-1%,image_569.h5
0,0,29,16355,0.0,0.0,0.0,0.0,0.177001953125,0-1%,image_57.h5
0,13,85,16286,0.0,0.0,0.0,0.0,0.518798828125,0-1%,image_570.h5
0,0,22,16362,0.0,0.0,0.0,0.0,0.13427734375,0-1%,image_571.h5
0,0,170,16214,0.0,0.0,0.0,0.0,1.03759765625,1-3%,image_572.h5
102,0,532,15750,0.1608832807570978,1.0,0.1608832807570978,0.27717391304347827,3.86962890625,3-5%,image_573.h5
0,0,0,16384,0.0,0.0,0.0,0.0,0.0,0-1%,image_574.h5
0,0,74,16310,0.0,0.0,0.0,0.0,0.45166015625,0-1%,image_575.h5
26,0,135,16223,0.16149068322981366,1.0,0.16149068322981366,0.27807486631016043,0.982666015625,0-1%,image_576.h5
3,1,57,16323,0.04918032786885246,0.75,0.05,0.09375,0.3662109375,0-1%,image_577.h5
150,4,124,16106,0.539568345323741,0.974025974025974,0.5474452554744526,0.7009345794392523,1.67236328125,1-3%,image_578.h5
0,0,0,16384,0.0,0.0,0.0,0.0,0.0,0-1%,image_579.h5
346,1153,226,14659,0.20057971014492754,0.23082054703135424,0.6048951048951049,0.3341380975374215,3.4912109375,3-5%,image_58.h5
62,417,160,15745,0.09702660406885759,0.12943632567849686,0.27927927927927926,0.1768901569186876,1.35498046875,1-3%,image_580.h5
0,0,0,16384,0.0,0.0,0.0,0.0,0.0,0-1%,image_581.h5
0,0,4,16380,0.0,0.0,0.0,0.0,0.0244140625,0-1%,image_582.h5
0,282,0,16102,0.0,0.0,0.0,0.0,0.0,0-1%,image_583.h5
99,92,415,15778,0.16336633663366337,0.518324607329843,0.1926070038910506,0.28085106382978725,3.13720703125,3-5%,image_584.h5
0,0,0,16384,0.0,0.0,0.0,0.0,0.0,0-1%,image_585.h5
584,79,448,15273,0.5256525652565257,0.8808446455505279,0.5658914728682171,0.6890855457227139,6.298828125,>5%,image_586.h5
0,7,0,16377,0.0,0.0,0.0,0.0,0.0,0-1%,image_587.h5
306,23,794,15261,0.27248441674087265,0.9300911854103343,0.2781818181818182,0.4282715185444367,6.7138671875,>5%,image_588.h5
0,227,0,16157,0.0,0.0,0.0,0.0,0.0,0-1%,image_589.h5
153,41,184,16006,0.40476190476190477,0.788659793814433,0.4540059347181009,0.576271186440678,2.056884765625,1-3%,image_59.h5
0,182,0,16202,0.0,0.0,0.0,0.0,0.0,0-1%,image_590.h5
0,0,45,16339,0.0,0.0,0.0,0.0,0.274658203125,0-1%,image_591.h5
120,3,212,16049,0.3582089552238806,0.975609756097561,0.3614457831325301,0.5274725274725275,2.0263671875,1-3%,image_592.h5
0,0,23,16361,0.0,0.0,0.0,0.0,0.140380859375,0-1%,image_593.h5
10,0,400,15974,0.024390243902439025,1.0,0.024390243902439025,0.047619047619047616,2.50244140625,1-3%,image_594.h5
0,0,0,16384,0.0,0.0,0.0,0.0,0.0,0-1%,image_595.h5
82,67,249,15986,0.20603015075376885,0.5503355704697986,0.24773413897280966,0.3416666666666667,2.020263671875,1-3%,image_596.h5
52,3,87,16242,0.36619718309859156,0.9454545454545454,0.37410071942446044,0.5360824742268041,0.848388671875,0-1%,image_597.h5
0,0,1110,15274,0.0,0.0,0.0,0.0,6.77490234375,>5%,image_598.h5
166,558,24,15636,0.22192513368983957,0.2292817679558011,0.8736842105263158,0.36323851203501095,1.15966796875,1-3%,image_599.h5
0,105,466,15813,0.0,0.0,0.0,0.0,2.84423828125,1-3%,image_6.h5
0,0,127,16257,0.0,0.0,0.0,0.0,0.775146484375,0-1%,image_60.h5
551,351,71,15411,0.566289825282631,0.6108647450110865,0.8858520900321544,0.7230971128608924,3.79638671875,3-5%,image_600.h5
77,29,14,16264,0.6416666666666667,0.7264150943396226,0.8461538461538461,0.7817258883248731,0.555419921875,0-1%,image_601.h5
0,0,23,16361,0.0,0.0,0.0,0.0,0.140380859375,0-1%,image_602.h5
10,0,2796,13578,0.003563791874554526,1.0,0.003563791874554526,0.007102272727272727,17.12646484375,>5%,image_603.h5
449,110,45,15780,0.7433774834437086,0.8032200357781754,0.9089068825910931,0.8528015194681862,3.01513671875,3-5%,image_604.h5
0,0,2444,13940,0.0,0.0,0.0,0.0,14.9169921875,>5%,image_605.h5
0,13,0,16371,0.0,0.0,0.0,0.0,0.0,0-1%,image_606.h5
0,0,21,16363,0.0,0.0,0.0,0.0,0.128173828125,0-1%,image_607.h5
79,137,118,16050,0.23652694610778444,0.36574074074074076,0.4010152284263959,0.38256658595641646,1.202392578125,1-3%,image_608.h5
267,457,69,15591,0.33669609079445145,0.3687845303867403,0.7946428571428571,0.5037735849056604,2.05078125,1-3%,image_609.h5
0,501,8,15875,0.0,0.0,0.0,0.0,0.048828125,0-1%,image_61.h5
0,102,0,16282,0.0,0.0,0.0,0.0,0.0,0-1%,image_610.h5
25,524,113,15722,0.0377643504531722,0.04553734061930783,0.18115942028985507,0.07278020378457059,0.84228515625,0-1%,image_611.h5
0,0,0,16384,0.0,0.0,0.0,0.0,0.0,0-1%,image_612.h5
26,4,1306,15048,0.019461077844311378,0.8666666666666667,0.01951951951951952,0.0381791483113069,8.1298828125,>5%,image_613.h5
0,0,1461,14923,0.0,0.0,0.0,0.0,8.917236328125,>5%,image_614.h5
542,104,211,15527,0.632438739789965,0.8390092879256966,0.7197875166002656,0.7748391708363116,4.595947265625,3-5%,image_615.h5
0,0,0,16384,0.0,0.0,0.0,0.0,0.0,0-1%,image_616.h5
73,3,178,16130,0.2874015748031496,0.9605263157894737,0.2908366533864542,0.44648318042813456,1.531982421875,1-3%,image_617.h5
5,58,84,16237,0.034013605442176874,0.07936507936507936,0.056179775280898875,0.06578947368421052,0.543212890625,0-1%,image_618.h5
53,0,2925,13406,0.017797179314976493,1.0,0.017797179314976493,0.034971956450016495,18.17626953125,>5%,image_619.h5
21,224,32,16107,0.07581227436823104,0.08571428571428572,0.39622641509433965,0.14093959731543623,0.323486328125,0-1%,image_62.h5
0,0,57,16327,0.0,0.0,0.0,0.0,0.347900390625,0-1%,image_620.h5
0,0,18,16366,0.0,0.0,0.0,0.0,0.10986328125,0-1%,image_621.h5
0,35,0,16349,0.0,0.0,0.0,0.0,0.0,0-1%,image_622.h5
189,86,180,15929,0.4153846153846154,0.6872727272727273,0.5121951219512195,0.5869565217391305,2.252197265625,1-3%,image_623.h5
0,0,94,16290,0.0,0.0,0.0,0.0,0.57373046875,0-1%,image_624.h5
0,0,0,16384,0.0,0.0,0.0,0.0,0.0,0-1%,image_625.h5
0,0,931,15453,0.0,0.0,0.0,0.0,5.682373046875,>5%,image_626.h5
0,19,0,16365,0.0,0.0,0.0,0.0,0.0,0-1%,image_627.h5
123,136,53,16072,0.3942307692307692,0.4749034749034749,0.6988636363636364,0.5655172413793104,1.07421875,1-3%,image_628.h5
131,4,486,15763,0.2109500805152979,0.9703703703703703,0.21231766612641814,0.3484042553191489,3.765869140625,3-5%,image_629.h5
0,0,31,16353,0.0,0.0,0.0,0.0,0.189208984375,0-1%,image_63.h5
0,0,0,16384,0.0,0.0,0.0,0.0,0.0,0-1%,image_630.h5
0,0,23,16361,0.0,0.0,0.0,0.0,0.140380859375,0-1%,image_631.h5
0,2,62,16320,0.0,0.0,0.0,0.0,0.37841796875,0-1%,image_632.h5
0,0,73,16311,0.0,0.0,0.0,0.0,0.445556640625,0-1%,image_633.h5
0,0,0,16384,0.0,0.0,0.0,0.0,0.0,0-1%,image_634.h5
0,0,0,16384,0.0,0.0,0.0,0.0,0.0,0-1%,image_635.h5
244,0,370,15770,0.3973941368078176,1.0,0.3973941368078176,0.5687645687645687,3.74755859375,3-5%,image_636.h5
0,0,115,16269,0.0,0.0,0.0,0.0,0.701904296875,0-1%,image_637.h5
29,2,33,16320,0.453125,0.9354838709677419,0.46774193548387094,0.6236559139784946,0.37841796875,0-1%,image_638.h5
960,210,142,15072,0.7317073170731707,0.8205128205128205,0.8711433756805808,0.8450704225352113,6.72607421875,>5%,image_639.h5
0,0,58,16326,0.0,0.0,0.0,0.0,0.35400390625,0-1%,image_64.h5
0,0,68,16316,0.0,0.0,0.0,0.0,0.4150390625,0-1%,image_640.h5
177,22,117,16068,0.560126582278481,0.8894472361809045,0.6020408163265306,0.718052738336714,1.79443359375,1-3%,image_641.h5
0,0,14475,1909,0.0,0.0,0.0,0.0,88.348388671875,>5%,image_642.h5
0,0,0,16384,0.0,0.0,0.0,0.0,0.0,0-1%,image_643.h5
0,0,0,16384,0.0,0.0,0.0,0.0,0.0,0-1%,image_644.h5
211,548,314,15311,0.1966449207828518,0.2779973649538867,0.40190476190476193,0.32866043613707163,3.204345703125,3-5%,image_645.h5
259,144,1150,14831,0.16677398583386993,0.6426799007444168,0.18381831085876507,0.2858719646799117,8.599853515625,>5%,image_646.h5
0,0,15,16369,0.0,0.0,0.0,0.0,0.091552734375,0-1%,image_647.h5
0,0,0,16384,0.0,0.0,0.0,0.0,0.0,0-1%,image_648.h5
0,0,21,16363,0.0,0.0,0.0,0.0,0.128173828125,0-1%,image_649.h5
73,16,211,16084,0.24333333333333335,0.8202247191011236,0.25704225352112675,0.3914209115281501,1.7333984375,1-3%,image_65.h5
0,121,0,16263,0.0,0.0,0.0,0.0,0.0,0-1%,image_650.h5
0,0,0,16384,0.0,0.0,0.0,0.0,0.0,0-1%,image_651.h5
0,78,501,15805,0.0,0.0,0.0,0.0,3.057861328125,3-5%,image_652.h5
0,0,0,16384,0.0,0.0,0.0,0.0,0.0,0-1%,image_653.h5
64,13,140,16167,0.29493087557603687,0.8311688311688312,0.3137254901960784,0.4555160142348754,1.2451171875,1-3%,image_654.h5
61,7,99,16217,0.3652694610778443,0.8970588235294118,0.38125,0.5350877192982456,0.9765625,0-1%,image_655.h5
0,0,95,16289,0.0,0.0,0.0,0.0,0.579833984375,0-1%,image_656.h5
0,0,0,16384,0.0,0.0,0.0,0.0,0.0,0-1%,image_657.h5
200,22,16,16146,0.8403361344537815,0.9009009009009009,0.9259259259259259,0.91324200913242,1.318359375,1-3%,image_658.h5
0,0,0,16384,0.0,0.0,0.0,0.0,0.0,0-1%,image_659.h5
503,1232,73,14576,0.2782079646017699,0.2899135446685879,0.8732638888888888,0.4353093898745132,3.515625,3-5%,image_66.h5
182,63,145,15994,0.4666666666666667,0.7428571428571429,0.5565749235474006,0.6363636363636364,1.995849609375,1-3%,image_660.h5
0,1090,0,15294,0.0,0.0,0.0,0.0,0.0,0-1%,image_661.h5
103,57,97,16127,0.40077821011673154,0.64375,0.515,0.5722222222222222,1.220703125,1-3%,image_662.h5
55,10,56,16263,0.45454545454545453,0.8461538461538461,0.4954954954954955,0.625,0.677490234375,0-1%,image_663.h5
77,5,838,15464,0.08369565217391305,0.9390243902439024,0.08415300546448087,0.15446339017051153,5.584716796875,>5%,image_664.h5
21,686,155,15522,0.024361948955916472,0.0297029702970297,0.11931818181818182,0.04756511891279728,1.07421875,1-3%,image_665.h5
291,10,419,15664,0.4041666666666667,0.9667774086378738,0.4098591549295775,0.5756676557863502,4.33349609375,3-5%,image_666.h5
4,28,52,16300,0.047619047619047616,0.125,0.07142857142857142,0.09090909090909091,0.341796875,0-1%,image_667.h5
126,97,124,16037,0.3631123919308357,0.5650224215246636,0.504,0.53276955602537,1.52587890625,1-3%,image_668.h5
0,0,7,16377,0.0,0.0,0.0,0.0,0.042724609375,0-1%,image_669.h5
0,0,0,16384,0.0,0.0,0.0,0.0,0.0,0-1%,image_67.h5
0,0,86,16298,0.0,0.0,0.0,0.0,0.52490234375,0-1%,image_670.h5
2,0,38,16344,0.05,1.0,0.05,0.09523809523809523,0.244140625,0-1%,image_671.h5
376,82,112,15814,0.6596491228070176,0.8209606986899564,0.7704918032786885,0.7949260042283298,2.978515625,1-3%,image_672.h5
79,7,87,16211,0.45664739884393063,0.9186046511627907,0.4759036144578313,0.626984126984127,1.01318359375,1-3%,image_673.h5
9,5,21,16349,0.2571428571428571,0.6428571428571429,0.3,0.4090909090909091,0.18310546875,0-1%,image_674.h5
0,0,0,16384,0.0,0.0,0.0,0.0,0.0,0-1%,image_675.h5
22,0,175,16187,0.1116751269035533,1.0,0.1116751269035533,0.2009132420091324,1.202392578125,1-3%,image_676.h5
627,35,436,15286,0.5710382513661202,0.947129909365559,0.5898400752587017,0.7269565217391304,6.488037109375,>5%,image_677.h5
216,109,349,15710,0.32047477744807124,0.6646153846153846,0.3823008849557522,0.4853932584269663,3.448486328125,3-5%,image_678.h5
0,0,45,16339,0.0,0.0,0.0,0.0,0.274658203125,0-1%,image_679.h5
24,0,62,16298,0.27906976744186046,1.0,0.27906976744186046,0.43636363636363634,0.52490234375,0-1%,image_68.h5
362,704,51,15267,0.32408236347359,0.3395872420262664,0.8765133171912833,0.48951994590939824,2.520751953125,1-3%,image_680.h5
0,41,0,16343,0.0,0.0,0.0,0.0,0.0,0-1%,image_681.h5
0,0,0,16384,0.0,0.0,0.0,0.0,0.0,0-1%,image_682.h5
40,4,40,16300,0.47619047619047616,0.9090909090909091,0.5,0.6451612903225806,0.48828125,0-1%,image_683.h5
0,949,0,15435,0.0,0.0,0.0,0.0,0.0,0-1%,image_684.h5
0,0,0,16384,0.0,0.0,0.0,0.0,0.0,0-1%,image_685.h5
0,0,210,16174,0.0,0.0,0.0,0.0,1.28173828125,1-3%,image_686.h5
8,36,71,16269,0.06956521739130435,0.18181818181818182,0.10126582278481013,0.13008130081300814,0.482177734375,0-1%,image_687.h5
0,0,0,16384,0.0,0.0,0.0,0.0,0.0,0-1%,image_688.h5
528,46,229,15581,0.6575342465753424,0.9198606271777003,0.6974900924702774,0.7933884297520661,4.620361328125,3-5%,image_689.h5
0,0,0,16384,0.0,0.0,0.0,0.0,0.0,0-1%,image_69.h5
53,14,33,16284,0.53,0.7910447761194029,0.6162790697674418,0.6928104575163399,0.52490234375,0-1%,image_690.h5
0,0,17,16367,0.0,0.0,0.0,0.0,0.103759765625,0-1%,image_691.h5
104,54,66,16160,0.4642857142857143,0.6582278481012658,0.611764705882353,0.6341463414634146,1.03759765625,1-3%,image_692.h5
0,0,0,16384,0.0,0.0,0.0,0.0,0.0,0-1%,image_693.h5
63,56,106,16159,0.28,0.5294117647058824,0.3727810650887574,0.4375,1.031494140625,1-3%,image_694.h5
88,647,304,15345,0.0846968238691049,0.11972789115646258,0.22448979591836735,0.15616681455190773,2.392578125,1-3%,image_695.h5
71,405,14,15894,0.14489795918367346,0.14915966386554622,0.8352941176470589,0.2531194295900178,0.518798828125,0-1%,image_696.h5
0,0,335,16049,0.0,0.0,0.0,0.0,2.044677734375,1-3%,image_697.h5
20,0,190,16174,0.09523809523809523,1.0,0.09523809523809523,0.17391304347826086,1.28173828125,1-3%,image_698.h5
120,335,599,15330,0.11385199240986717,0.26373626373626374,0.16689847009735745,0.20442930153321975,4.388427734375,3-5%,image_699.h5
0,29,669,15686,0.0,0.0,0.0,0.0,4.083251953125,3-5%,image_7.h5
0,0,77,16307,0.0,0.0,0.0,0.0,0.469970703125,0-1%,image_70.h5
0,0,0,16384,0.0,0.0,0.0,0.0,0.0,0-1%,image_700.h5
90,337,160,15797,0.15332197614991483,0.2107728337236534,0.36,0.2658788774002954,1.52587890625,1-3%,image_701.h5
51,17,10,16306,0.6538461538461539,0.75,0.8360655737704918,0.7906976744186046,0.372314453125,0-1%,image_702.h5
6,0,151,16227,0.03821656050955414,1.0,0.03821656050955414,0.0736196319018405,0.958251953125,0-1%,image_703.h5
27,205,38,16114,0.1,0.11637931034482758,0.4153846153846154,0.18181818181818182,0.396728515625,0-1%,image_704.h5
13,0,92,16279,0.12380952380952381,1.0,0.12380952380952381,0.22033898305084745,0.640869140625,0-1%,image_705.h5
86,45,24,16229,0.5548387096774193,0.6564885496183206,0.7818181818181819,0.7136929460580913,0.67138671875,0-1%,image_706.h5
30,0,392,15962,0.07109004739336493,1.0,0.07109004739336493,0.13274336283185842,2.57568359375,1-3%,image_707.h5
27,5,43,16309,0.36,0.84375,0.38571428571428573,0.5294117647058824,0.42724609375,0-1%,image_708.h5
0,0,0,16384,0.0,0.0,0.0,0.0,0.0,0-1%,image_709.h5
104,293,113,15874,0.20392156862745098,0.2619647355163728,0.4792626728110599,0.33876221498371334,1.324462890625,1-3%,image_71.h5
0,0,37,16347,0.0,0.0,0.0,0.0,0.225830078125,0-1%,image_710.h5
37,2,103,16242,0.2605633802816901,0.9487179487179487,0.2642857142857143,0.4134078212290503,0.8544921875,0-1%,image_711.h5
0,450,0,15934,0.0,0.0,0.0,0.0,0.0,0-1%,image_712.h5
27,44,0,16313,0.38028169014084506,0.38028169014084506,1.0,0.5510204081632653,0.164794921875,0-1%,image_713.h5
0,0,0,16384,0.0,0.0,0.0,0.0,0.0,0-1%,image_714.h5
81,125,1232,14946,0.056328233657858134,0.3932038834951456,0.06169078446306169,0.10664911125740618,8.013916015625,>5%,image_715.h5
0,0,0,16384,0.0,0.0,0.0,0.0,0.0,0-1%,image_716.h5
0,0,0,16384,0.0,0.0,0.0,0.0,0.0,0-1%,image_717.h5
224,133,286,15741,0.3483670295489891,0.6274509803921569,0.4392156862745098,0.5167243367935409,3.11279296875,3-5%,image_718.h5
13,4,281,16086,0.0436241610738255,0.7647058823529411,0.04421768707482993,0.08360128617363344,1.79443359375,1-3%,image_719.h5
0,0,231,16153,0.0,0.0,0.0,0.0,1.409912109375,1-3%,image_72.h5
0,0,11,16373,0.0,0.0,0.0,0.0,0.067138671875,0-1%,image_720.h5
0,0,56,16328,0.0,0.0,0.0,0.0,0.341796875,0-1%,image_721.h5
97,229,198,15860,0.1851145038167939,0.29754601226993865,0.3288135593220339,0.31239935587761675,1.800537109375,1-3%,image_722.h5
0,0,285,16099,0.0,0.0,0.0,0.0,1.739501953125,1-3%,image_723.h5
119,62,9,16194,0.6263157894736842,0.6574585635359116,0.9296875,0.7702265372168284,0.78125,0-1%,image_724.h5
118,49,1,16216,0.7023809523809523,0.7065868263473054,0.9915966386554622,0.8251748251748252,0.726318359375,0-1%,image_725.h5
0,0,0,16384,0.0,0.0,0.0,0.0,0.0,0-1%,image_726.h5
336,22,78,15948,0.7706422018348624,0.9385474860335196,0.8115942028985508,0.8704663212435233,2.52685546875,1-3%,image_727.h5
0,371,0,16013,0.0,0.0,0.0,0.0,0.0,0-1%,image_728.h5
0,0,178,16206,0.0,0.0,0.0,0.0,1.08642578125,1-3%,image_729.h5
0,473,15,15896,0.0,0.0,0.0,0.0,0.091552734375,0-1%,image_73.h5
0,0,0,16384,0.0,0.0,0.0,0.0,0.0,0-1%,image_730.h5
469,590,155,15170,0.38632619439868204,0.4428706326723324,0.7516025641025641,0.5573380867498514,3.80859375,3-5%,image_731.h5
149,353,128,15754,0.2365079365079365,0.2968127490039841,0.5379061371841155,0.38254172015404364,1.690673828125,1-3%,image_732.h5
8,0,1181,15195,0.00672834314550042,1.0,0.00672834314550042,0.013366750208855471,7.257080078125,>5%,image_733.h5
138,314,156,15776,0.22697368421052633,0.3053097345132743,0.46938775510204084,0.3699731903485255,1.79443359375,1-3%,image_734.h5
0,0,81,16303,0.0,0.0,0.0,0.0,0.494384765625,0-1%,image_735.h5
0,0,0,16384,0.0,0.0,0.0,0.0,0.0,0-1%,image_736.h5
158,421,92,15713,0.23546944858420268,0.27288428324697755,0.632,0.38118214716525933,1.52587890625,1-3%,image_737.h5
44,808,16,15516,0.05069124423963134,0.051643192488262914,0.7333333333333333,0.09649122807017543,0.3662109375,0-1%,image_738.h5
0,0,0,16384,0.0,0.0,0.0,0.0,0.0,0-1%,image_739.h5
0,0,41,16343,0.0,0.0,0.0,0.0,0.250244140625,0-1%,image_74.h5
0,0,12,16372,0.0,0.0,0.0,0.0,0.0732421875,0-1%,image_740.h5
2038,223,280,13843,0.8020464384100747,0.9013710747456878,0.8792062122519413,0.8901506879231273,14.14794921875,>5%,image_741.h5
18,0,418,15948,0.04128440366972477,1.0,0.04128440366972477,0.07929515418502203,2.6611328125,1-3%,image_742.h5
0,0,0,16384,0.0,0.0,0.0,0.0,0.0,0-1%,image_743.h5
0,0,0,16384,0.0,0.0,0.0,0.0,0.0,0-1%,image_744.h5
183,12,766,15423,0.19042663891779396,0.9384615384615385,0.1928345626975764,0.31993006993006995,5.792236328125,>5%,image_745.h5
0,0,0,16384,0.0,0.0,0.0,0.0,0.0,0-1%,image_746.h5
788,224,1491,13881,0.3148222133439872,0.7786561264822134,0.34576568670469504,0.47888179884533577,13.909912109375,>5%,image_747.h5
55,109,276,15944,0.125,0.3353658536585366,0.1661631419939577,0.2222222222222222,2.020263671875,1-3%,image_748.h5
66,8,378,15932,0.14601769911504425,0.8918918918918919,0.14864864864864866,0.2548262548262548,2.7099609375,1-3%,image_749.h5
0,0,0,16384,0.0,0.0,0.0,0.0,0.0,0-1%,image_75.h5
0,27,0,16357,0.0,0.0,0.0,0.0,0.0,0-1%,image_750.h5
0,0,25,16359,0.0,0.0,0.0,0.0,0.152587890625,0-1%,image_751.h5
456,67,92,15769,0.7414634146341463,0.8718929254302104,0.8321167883211679,0.8515406162464986,3.3447265625,3-5%,image_752.h5
0,0,364,16020,0.0,0.0,0.0,0.0,2.2216796875,1-3%,image_753.h5
0,0,0,16384,0.0,0.0,0.0,0.0,0.0,0-1%,image_754.h5
332,21,1941,14090,0.14472537053182213,0.9405099150141643,0.1460624725032996,0.25285605483625284,13.873291015625,>5%,image_755.h5
0,0,15,16369,0.0,0.0,0.0,0.0,0.091552734375,0-1%,image_756.h5
0,0,0,16384,0.0,0.0,0.0,0.0,0.0,0-1%,image_757.h5
8,12,114,16250,0.05970149253731343,0.4,0.06557377049180328,0.11267605633802817,0.74462890625,0-1%,image_758.h5
0,0,2929,13455,0.0,0.0,0.0,0.0,17.877197265625,>5%,image_759.h5
0,0,30,16354,0.0,0.0,0.0,0.0,0.18310546875,0-1%,image_76.h5
67,10,15,16292,0.7282608695652174,0.8701298701298701,0.8170731707317073,0.8427672955974843,0.50048828125,0-1%,image_760.h5
0,91,110,16183,0.0,0.0,0.0,0.0,0.67138671875,0-1%,image_761.h5
3,0,287,16094,0.010344827586206896,1.0,0.010344827586206896,0.020477815699658702,1.77001953125,1-3%,image_762.h5
792,921,118,14553,0.4325505188421628,0.46234676007005254,0.8703296703296703,0.6038886770873046,5.55419921875,>5%,image_763.h5
0,0,7,16377,0.0,0.0,0.0,0.0,0.042724609375,0-1%,image_764.h5
68,176,184,15956,0.1588785046728972,0.2786885245901639,0.2698412698412698,0.27419354838709675,1.5380859375,1-3%,image_765.h5
0,9,9,16366,0.0,0.0,0.0,0.0,0.054931640625,0-1%,image_766.h5
0,0,0,16384,0.0,0.0,0.0,0.0,0.0,0-1%,image_767.h5
218,33,270,15863,0.418426103646833,0.8685258964143426,0.44672131147540983,0.5899864682002707,2.978515625,1-3%,image_768.h5
0,13,0,16371,0.0,0.0,0.0,0.0,0.0,0-1%,image_769.h5
49,14,91,16230,0.3181818181818182,0.7777777777777778,0.35,0.4827586206896552,0.8544921875,0-1%,image_77.h5
0,0,0,16384,0.0,0.0,0.0,0.0,0.0,0-1%,image_770.h5
0,0,40,16344,0.0,0.0,0.0,0.0,0.244140625,0-1%,image_771.h5
56,139,69,16120,0.21212121212121213,0.28717948717948716,0.448,0.35,0.762939453125,0-1%,image_772.h5
0,0,90,16294,0.0,0.0,0.0,0.0,0.54931640625,0-1%,image_773.h5
49,229,2668,13438,0.016632722335369995,0.17625899280575538,0.0180345969819654,0.032721202003338896,16.583251953125,>5%,image_774.h5
156,27,169,16032,0.4431818181818182,0.8524590163934426,0.48,0.6141732283464567,1.983642578125,1-3%,image_775.h5
0,0,0,16384,0.0,0.0,0.0,0.0,0.0,0-1%,image_776.h5
23,32,82,16247,0.1678832116788321,0.41818181818181815,0.21904761904761905,0.2875,0.640869140625,0-1%,image_777.h5
0,0,40,16344,0.0,0.0,0.0,0.0,0.244140625,0-1%,image_778.h5
643,872,611,14258,0.30244590780809033,0.42442244224422443,0.5127591706539075,0.4644275911881546,7.65380859375,>5%,image_779.h5
53,0,90,16241,0.3706293706293706,1.0,0.3706293706293706,0.5408163265306123,0.872802734375,0-1%,image_78.h5
418,132,538,15296,0.38419117647058826,0.76,0.4372384937238494,0.5551128818061088,5.8349609375,>5%,image_780.h5
140,812,259,15173,0.11560693641618497,0.14705882352941177,0.3508771929824561,0.20725388601036268,2.435302734375,1-3%,image_781.h5
2853,721,468,12342,0.7058386937159822,0.7982652490207051,0.8590785907859079,0.8275562001450326,20.269775390625,>5%,image_782.h5
0,0,283,16101,0.0,0.0,0.0,0.0,1.727294921875,1-3%,image_783.h5
26,718,18,15622,0.03412073490813648,0.03494623655913978,0.5909090909090909,0.06598984771573604,0.2685546875,0-1%,image_784.h5
16,13,122,16233,0.10596026490066225,0.5517241379310345,0.11594202898550725,0.19161676646706588,0.84228515625,0-1%,image_785.h5
888,106,1348,14042,0.37916310845431256,0.8933601609657947,0.39713774597495527,0.5498452012383901,13.6474609375,>5%,image_786.h5
50,13,142,16179,0.24390243902439024,0.7936507936507936,0.2604166666666667,0.39215686274509803,1.171875,1-3%,image_787.h5
0,0,137,16247,0.0,0.0,0.0,0.0,0.836181640625,0-1%,image_788.h5
17,0,178,16189,0.08717948717948718,1.0,0.08717948717948718,0.16037735849056603,1.190185546875,1-3%,image_789.h5
0,0,0,16384,0.0,0.0,0.0,0.0,0.0,0-1%,image_79.h5
0,0,5,16379,0.0,0.0,0.0,0.0,0.030517578125,0-1%,image_790.h5
2,0,134,16248,0.014705882352941176,1.0,0.014705882352941176,0.028985507246376812,0.830078125,0-1%,image_791.h5
14,0,139,16231,0.0915032679738562,1.0,0.0915032679738562,0.16766467065868262,0.933837890625,0-1%,image_792.h5
23,2,1087,15272,0.02068345323741007,0.92,0.02072072072072072,0.04052863436123348,6.77490234375,>5%,image_793.h5
0,0,45,16339,0.0,0.0,0.0,0.0,0.274658203125,0-1%,image_794.h5
0,0,27,16357,0.0,0.0,0.0,0.0,0.164794921875,0-1%,image_795.h5
255,27,300,15802,0.4381443298969072,0.9042553191489362,0.4594594594594595,0.6093189964157706,3.387451171875,3-5%,image_796.h5
6,0,275,16103,0.021352313167259787,1.0,0.021352313167259787,0.041811846689895474,1.715087890625,1-3%,image_797.h5
105,11,250,16018,0.28688524590163933,0.9051724137931034,0.29577464788732394,0.445859872611465,2.166748046875,1-3%,image_798.h5
0,0,598,15786,0.0,0.0,0.0,0.0,3.64990234375,3-5%,image_799.h5
0,32,311,16041,0.0,0.0,0.0,0.0,1.898193359375,1-3%,image_8.h5
0,50,52,16282,0.0,0.0,0.0,0.0,0.3173828125,0-1%,image_80.h5
38,23,12,16311,0.5205479452054794,0.6229508196721312,0.76,0.6846846846846847,0.30517578125,0-1%,image_800.h5
0,0,0,16384,0.0,0.0,0.0,0.0,0.0,0-1%,image_81.h5
0,749,0,15635,0.0,0.0,0.0,0.0,0.0,0-1%,image_82.h5
0,0,8,16376,0.0,0.0,0.0,0.0,0.048828125,0-1%,image_83.h5
0,0,26,16358,0.0,0.0,0.0,0.0,0.15869140625,0-1%,image_84.h5
0,0,0,16384,0.0,0.0,0.0,0.0,0.0,0-1%,image_85.h5
0,0,0,16384,0.0,0.0,0.0,0.0,0.0,0-1%,image_86.h5
38,147,78,16121,0.1444866920152091,0.20540540540540542,0.3275862068965517,0.25249169435215946,0.7080078125,0-1%,image_87.h5
0,0,0,16384,0.0,0.0,0.0,0.0,0.0,0-1%,image_88.h5
0,251,0,16133,0.0,0.0,0.0,0.0,0.0,0-1%,image_89.h5
0,0,2,16382,0.0,0.0,0.0,0.0,0.01220703125,0-1%,image_9.h5
0,6,0,16378,0.0,0.0,0.0,0.0,0.0,0-1%,image_90.h5
0,0,62,16322,0.0,0.0,0.0,0.0,0.37841796875,0-1%,image_91.h5
11,0,134,16239,0.07586206896551724,1.0,0.07586206896551724,0.14102564102564102,0.885009765625,0-1%,image_92.h5
148,207,77,15952,0.3425925925925926,0.4169014084507042,0.6577777777777778,0.5103448275862069,1.373291015625,1-3%,image_93.h5
0,0,0,16384,0.0,0.0,0.0,0.0,0.0,0-1%,image_94.h5
47,0,1544,14793,0.0295411690760528,1.0,0.0295411690760528,0.057387057387057384,9.710693359375,>5%,image_95.h5
235,73,101,15975,0.5745721271393643,0.762987012987013,0.6994047619047619,0.7298136645962733,2.05078125,1-3%,image_96.h5
0,0,0,16384,0.0,0.0,0.0,0.0,0.0,0-1%,image_97.h5
0,0,0,16384,0.0,0.0,0.0,0.0,0.0,0-1%,image_98.h5
75,17,248,16044,0.22058823529411764,0.8152173913043478,0.23219814241486067,0.3614457831325301,1.971435546875,1-3%,image_99.h5
