epoch,train_loss,val_landslide_iou,val_landslide_f1,val_precision,val_recall,seconds
1,1.1177510917186737,0.1978924999512604,0.33040110019774266,0.37495844261386724,0.2953087497272529,46.68325389549136
2,0.9099504232406617,0.1841180294632921,0.31097918430774096,0.4315376271886783,0.2430722234344316,51.787088599056005
3,0.8269772162040074,0.2614574333143372,0.4145323122436042,0.41529185038105526,0.4137755473125318,56.43294711783528
4,0.7774974157412847,0.34384772911275857,0.511736146385834,0.4307833056552739,0.6301549203578443,61.16071657091379
5,0.7383440365393956,0.3194088950143292,0.4841696857149963,0.5628782913759204,0.4247727107425995,66.45966081693769
6,0.6992514024178187,0.2901697251658482,0.44981636060100166,0.5277445891685437,0.3919412320896065,71.45699228718877
7,0.6689041495323181,0.33500142838848224,0.5018742621015349,0.5092774241856982,0.4946832496908866,76.26602326333523
8,0.6456149448951085,0.29060184145519874,0.4503353894606798,0.5602433111091869,0.3764782893301331,81.05833402648568
9,0.6250688056151072,0.3622625074854374,0.5318541844833236,0.5902220960760661,0.4839915630227653,85.19398021697998
10,0.6150066077709198,0.2745205349069624,0.43078244310438174,0.6011828769443214,0.3356462288166412,90.4755355194211
11,0.6023172428210576,0.2680493756279604,0.42277435055747353,0.6013040328423086,0.32598734453414796,95.20780092850327
12,0.5917674352725347,0.32750147666863555,0.4934103387824477,0.6354405427706977,0.40327296530656775,100.1566275022924
13,0.5880130569140116,0.3504107491745027,0.5189691349668336,0.6202398527716545,0.4461269910538948,104.9264803826809
14,0.5772203435500463,0.2905669781931464,0.4502935269581338,0.669614909686127,0.33919557786020804,109.64583708718419
15,0.5684335445364316,0.23128777607420267,0.37568435351747415,0.6421008196432969,0.26551749218124954,114.7914014980197
16,0.564988245566686,0.29411901630567616,0.4545470897186848,0.5953542064221264,0.3676049167212161,120.06667356565595
17,0.5608525981505712,0.2797788514926343,0.43722999667688217,0.5982519513981863,0.3445050549130846,125.16357136517763
18,0.5576514879862468,0.3339249575221047,0.5006652820146686,0.566032543890224,0.44883264237399084,130.25471603870392
19,0.5576381598909695,0.39044356292823656,0.5616100837720777,0.692174913693901,0.4724852716561204,135.23849395290017
20,0.5513147483269374,0.29465998853753955,0.45519285549310956,0.6725054738817642,0.34402502000145463,140.10641388967633
21,0.5509062136212984,0.3257188407447475,0.49138449380679966,0.5999832190128584,0.41607389628336605,145.16023330390453
22,0.5458145305514336,0.284849918454241,0.4433979632375028,0.6639967496662603,0.3328242053967561,149.95077455043793
23,0.5474904353419939,0.312453428270666,0.47613640459969,0.6257135412965726,0.3842752200160012,154.99797643721104
24,0.5430556491017342,0.24763841023479533,0.396971443333797,0.6262657930212873,0.2905811331733217,159.86015275865793
25,0.5406908834973971,0.2839117480307362,0.4422605345985813,0.6244627222074821,0.3423667175794603,164.66749904677272
26,0.5409511491656304,0.24386475650552875,0.3921081536076865,0.6661202566964286,0.2778238417339443,169.47180143743753
27,0.5386357997854551,0.33086396226864534,0.49721680299260795,0.6460915877851943,0.4041021165175649,174.29968093335629
28,0.5350001528859138,0.28819018773587174,0.4474342228027617,0.6238584623390139,0.3487962760928067,179.2373211272061
29,0.5330051968495051,0.28885759764907554,0.4482381888828721,0.646045569065615,0.34316677576551025,183.39227744936943
30,0.5316865786910057,0.3012626375094642,0.46303125721962196,0.5622350594298063,0.3935849879991272,188.17176591977477
31,0.5302467053135236,0.3400643740470947,0.5075343851132686,0.6032938630762757,0.4380100370936068,192.78816479817033
32,0.5281650051474571,0.32986449487215186,0.4960873775397151,0.6196713451312004,0.4136009891628482,197.87883675843477
33,0.52630415558815,0.2748327142044698,0.43116671096093245,0.620387315287755,0.3303949378136592,203.0030245371163
34,0.5261922881007195,0.27762790421296574,0.4345989991256302,0.6026934289621011,0.3398210778965743,207.9841976389289
35,0.5253823419411977,0.28943110554722284,0.4489283751602858,0.6060838382589341,0.35649138119135937,212.71260682493448
36,0.5268439431985219,0.2969995479096771,0.4579794162431892,0.6198693914036699,0.3631391373918103,217.78886156529188
37,0.5222038775682449,0.3044783273607085,0.46682006281659827,0.5856308718939327,0.3880864062840934,222.63495391979814
38,0.5228842784961064,0.2873395531606998,0.44640833485651615,0.6004425322679778,0.35526947414357407,227.61665575951338
39,0.5177917227149009,0.28288781309198063,0.4410172272354389,0.5905529110216038,0.35190922976216454,232.77369186282158
40,0.5198648239175478,0.2877146349277925,0.4468608605103348,0.609624861711757,0.35269474143574076,237.8761341571808
41,0.5188328767816226,0.2691736824176359,0.4241715474353198,0.6219080278839667,0.3218415884791621,243.06626381725073
42,0.5181833118200302,0.28906073940529703,0.4484827294308165,0.6102361218919798,0.3545130554949451,247.99167914316058
43,0.5167518446842829,0.27627829617581234,0.4329436565733998,0.6343113856521129,0.32862026329187577,252.98979042842984
44,0.5162462060650189,0.287576669232025,0.4466944394131498,0.5917696460707859,0.3587460906247727,257.9238278269768
45,0.5150800630450248,0.2836112573869288,0.44189587112889844,0.5919015288428662,0.3525492763110044,263.1474049501121
46,0.5156772121787071,0.2975164027343616,0.45859366726675843,0.5829575284377735,0.3779620336024438,268.17302354052663
47,0.5157410298784574,0.28867034479513454,0.4480127069906706,0.601431337467219,0.35695686959051565,273.23244727402925
48,0.5128921310106913,0.28036861860989415,0.43794984434137796,0.5823035335006758,0.35094915993890463,278.5782561227679
49,0.5130812391638756,0.2657283364422588,0.41988210075026794,0.6136331850857318,0.3191213906465925,283.59688052535057
50,0.5112094476819038,0.27871840094062317,0.4359339800468944,0.5924768807798051,0.3448250781875045,288.7645108886063
51,0.5122128133972486,0.28038648025231844,0.43797163524729543,0.5948516927993608,0.3465706596843407,293.58200231939554
52,0.5114778170982996,0.2820554840220063,0.4400051129412194,0.5908633922660063,0.3505127645646956,298.75508500263095
53,0.5129548942049345,0.27464949207834105,0.4309412019307671,0.6101134970959663,0.3331151356462288,304.01096888259053
54,0.509970040122668,0.2734069362774511,0.42941015709667996,0.6096927852708199,0.3314131936868136,309.0873161740601
55,0.5131074726581574,0.27204199273755736,0.42772486174312013,0.6069843307128724,0.3302058331515019,314.07877019047737
56,0.5112430825829506,0.276337529270525,0.43301638153422056,0.601780907020087,0.3381773219870536,319.226508628577
57,0.5116565739115079,0.27861039470400173,0.43580186092339723,0.6036152023895355,0.34099934540693866,324.33295222371817
58,0.511750714480877,0.2757814186676902,0.43233333646713734,0.611158364786561,0.3344679613062768,329.51188400760293
59,0.5091755390167236,0.2757014369154692,0.43223504957725906,0.6064953492038467,0.3357626009164303,334.69847425445914
60,0.5125479290882746,0.2767052614060531,0.43346772316315796,0.6021886480053811,0.338599170848789,339.0846730694175
