epoch,train_loss,val_loss,mIoU,OA,NonLandslide_IoU,Landslide_IoU,NonLandslide_F1,Landslide_F1,NonLandslide_Precision,Landslide_Precision,NonLandslide_Recall,Landslide_Recall,lr,best_mIoU,best_Landslide_IoU
1,0.482905,0.663095,0.705254,0.988333,0.988233,0.422275,0.994082,0.593802,0.991301,0.735402,0.996878,0.497927,5e-06,0.705254,0.422275
2,0.483169,0.66259,0.705338,0.988533,0.988436,0.42224,0.994184,0.593767,0.991156,0.754881,0.997231,0.48933,4.902113032590307e-06,0.705338,0.422275
3,0.480049,0.683762,0.694401,0.988033,0.987937,0.400866,0.993932,0.572311,0.990781,0.737674,0.997103,0.46751,4.618033988749895e-06,0.705338,0.422275
4,0.482095,0.647468,0.712448,0.98849,0.988386,0.436509,0.994159,0.607736,0.991689,0.729809,0.996641,0.520649,4.175570504584947e-06,0.712448,0.436509
5,0.479236,0.668778,0.701272,0.988334,0.988237,0.414308,0.994084,0.585881,0.991027,0.747158,0.997159,0.481868,3.618033988749895e-06,0.712448,0.436509
6,0.478277,0.64958,0.710731,0.988361,0.988257,0.433206,0.994094,0.604527,0.991667,0.723004,0.996533,0.519412,3e-06,0.712448,0.436509
7,0.479107,0.676609,0.697476,0.988104,0.988006,0.406945,0.993967,0.57848,0.990936,0.735686,0.997016,0.476631,2.3819660112501054e-06,0.712448,0.436509
8,0.477944,0.682551,0.695847,0.987956,0.987857,0.403837,0.993891,0.575334,0.990931,0.726132,0.996869,0.476398,1.824429495415054e-06,0.712448,0.436509
9,0.477781,0.680324,0.696853,0.988032,0.987933,0.405774,0.99393,0.577296,0.990945,0.730499,0.996932,0.477213,1.3819660112501052e-06,0.712448,0.436509
10,0.476668,0.655136,0.707616,0.988344,0.988242,0.42699,0.994086,0.598448,0.991458,0.729806,0.996728,0.507164,1.0978869674096928e-06,0.712448,0.436509
